,Customer_rating
8077,4
4688,4
10754,5
3390,4
693,3
5741,2
5186,5
606,5
1799,5
6065,2
5872,3
10624,1
1935,2
2394,5
1454,5
3290,2
3979,4
5247,1
3127,3
8279,1
6391,2
5602,2
1726,2
5092,5
236,3
7594,3
436,4
9631,4
8541,4
7289,3
7544,2
2593,2
2927,3
3038,3
10171,2
6049,1
9812,3
5697,1
329,5
5423,3
5194,2
9859,4
8152,5
1833,5
8113,2
7878,3
6578,1
2110,5
1947,2
947,1
7151,5
6028,4
10716,2
7743,5
6685,3
10018,2
3235,4
3933,3
5344,3
10534,1
8257,4
9664,5
8238,3
5273,2
6330,3
10835,4
1390,5
4312,5
2476,4
8563,2
6035,2
6369,2
3875,5
5314,5
475,5
7700,4
5483,4
7071,1
3011,5
2758,5
7617,1
265,2
10772,4
5786,5
5505,3
10712,2
5075,1
4507,1
1431,5
4621,3
10563,5
4782,4
4065,4
6894,5
5696,1
1359,5
1566,1
8247,5
6115,1
1450,4
6823,1
306,1
8832,1
4239,2
10655,4
8922,5
730,5
8987,2
10955,5
3891,4
1658,2
1076,4
454,5
7064,1
10117,1
319,5
2862,2
10339,5
6565,2
3866,2
8314,2
5752,4
1468,5
1072,4
9299,3
1551,3
5272,2
3326,2
9199,1
5606,2
5585,4
10104,4
9624,3
2979,2
7775,5
10348,4
4007,2
10231,1
5446,1
3626,3
5707,4
10475,1
8699,1
7422,1
7771,3
3103,5
3507,5
1469,3
2017,1
4769,4
3287,1
1654,3
3340,3
6896,2
3491,2
1049,5
4678,4
511,2
8336,2
16,4
5562,4
4183,3
4324,1
9877,4
3175,3
10240,1
10031,1
4270,3
3735,1
187,1
6201,4
9193,4
7065,3
3505,4
634,1
7989,1
10424,5
273,3
2022,4
9915,3
4077,5
8553,4
9066,5
10039,3
8310,3
10641,4
5064,5
1161,2
8605,5
3663,3
2761,1
9326,5
4260,2
8575,1
7543,4
5914,5
9783,3
3045,1
822,3
2369,5
10013,1
3603,2
1994,1
9831,3
242,2
6878,1
1908,3
3360,5
6078,1
10513,4
1696,3
7012,3
3510,3
2483,3
2573,5
4859,3
2752,4
9431,5
4635,2
9899,1
3883,4
2794,1
4638,4
4502,5
7445,3
2123,2
618,1
4778,1
864,4
8562,4
6237,3
5647,5
10815,2
1464,2
3222,4
1246,2
7191,3
9897,5
10199,3
2025,2
8090,1
4527,1
139,1
5674,5
10401,2
6288,5
38,1
3329,5
225,4
4485,3
6717,3
788,4
2625,4
1982,5
7866,5
9276,3
4882,3
7725,2
8417,1
8993,4
1539,2
6447,3
7428,2
9944,5
7556,3
5665,4
8095,2
6154,5
3691,5
10362,3
6337,3
6935,2
8976,2
8851,3
6398,4
10485,2
6315,3
706,5
5644,2
2150,3
4431,2
1766,3
8435,3
9412,3
3963,5
6383,5
6083,1
10496,1
5348,1
3836,4
3109,2
2651,2
6795,4
8353,1
3018,5
10399,2
159,3
8047,5
6402,5
8876,3
3905,4
8396,3
10004,1
3311,2
4251,2
3560,3
1713,2
3001,3
7848,5
2219,5
4777,3
3712,5
6654,5
9802,2
2317,1
3342,4
6872,3
9405,2
7392,3
9008,2
5911,2
6377,3
8339,1
3035,2
5811,4
4362,3
3919,1
3989,4
4188,5
1854,5
6291,5
10830,5
9286,4
558,2
9058,2
3738,4
3538,3
4963,1
10620,3
6643,1
8534,3
2854,4
3014,5
2280,4
8037,2
7160,3
4568,3
2146,3
871,2
7004,3
4443,2
6600,4
3823,3
8013,4
5224,1
3482,5
9049,4
7436,1
8723,3
1037,1
9721,4
9365,5
3389,5
10779,2
5917,1
5320,4
3552,1
2963,3
5942,5
3960,2
9319,1
8860,1
5802,4
2278,1
6852,4
590,1
2378,1
2754,5
8208,5
3620,3
4899,5
8191,2
10522,5
5386,4
10823,5
10719,5
3125,4
5332,3
5824,4
421,2
1147,5
9564,4
1243,3
3234,3
4817,1
2706,3
776,1
5017,2
9244,1
3506,3
2115,3
6698,5
9243,5
810,3
3574,3
1270,4
1791,4
5894,3
7560,2
4588,4
5839,5
8282,1
5441,1
3991,4
10991,2
1865,2
8900,2
7085,1
318,1
10276,3
2491,5
9841,4
4998,3
10061,1
208,4
5055,3
8838,1
439,3
2534,3
326,4
9252,4
10292,2
5878,2
9555,3
4730,1
10573,1
7014,4
9222,1
7830,5
7540,5
7610,4
4184,3
4642,3
1006,1
4290,4
7863,1
7534,2
4616,3
9672,4
3458,1
4623,3
1661,2
5334,3
8290,5
6608,1
2430,5
5884,3
9259,4
500,4
3078,5
1092,4
7605,1
10138,2
1189,2
9982,3
8491,1
5809,1
603,1
5421,1
7283,3
10434,5
6263,2
4555,2
2546,5
6213,5
4600,5
2272,5
350,5
7185,1
2060,2
8579,1
7256,4
5808,1
4907,4
1366,5
10356,2
427,4
10358,1
395,4
5397,3
10533,2
4377,2
8236,1
6666,2
2915,4
1863,1
6425,3
7991,5
6677,4
8518,4
6908,1
217,4
10767,2
10053,4
4049,5
4015,5
8144,5
8477,1
9940,5
2552,1
5259,5
7219,1
5656,5
283,4
1157,1
5439,5
6928,4
2941,3
6421,2
2308,2
3937,3
3387,5
5538,2
1984,3
4936,2
6612,2
2366,4
8168,5
4627,3
3614,3
3170,5
3750,5
2474,4
4247,5
8481,2
890,4
6697,1
1899,5
7913,2
1374,3
3694,1
1087,2
4567,2
8744,1
7488,5
9246,5
2173,3
9237,4
9145,3
3117,3
6494,1
10721,1
685,2
9931,3
4426,3
10289,5
4997,2
2221,1
8064,4
5997,3
2804,2
274,5
2420,2
10975,2
1357,1
8501,1
10888,4
9649,2
6190,5
6573,4
662,4
2779,4
3584,5
10904,2
5106,1
6134,3
6632,4
5457,3
10569,4
6524,1
1457,4
6525,4
417,5
7298,5
5404,3
6638,2
9883,4
2365,3
7303,1
2162,2
2480,5
9553,1
5716,1
4947,5
9011,5
3528,4
9810,1
8759,2
4079,4
5780,4
542,5
8091,4
4134,1
9560,2
6865,3
8561,1
9081,2
9741,5
9955,3
2186,4
10181,1
528,5
5743,1
8108,3
10386,2
6746,5
4202,2
10038,2
10923,5
2635,3
2749,3
7036,2
10179,2
8195,5
5495,2
7083,1
6228,2
3609,2
2967,2
7981,4
8100,1
7816,3
7091,3
6903,2
129,5
3831,1
362,5
303,3
1703,3
6025,3
6622,5
6982,3
7855,5
9292,4
1490,4
293,2
5301,4
4701,4
6029,2
4849,5
6701,1
4870,3
1283,1
760,3
8188,5
3966,3
2441,5
10749,1
8773,1
3484,4
3993,3
7491,2
4965,4
8761,4
8155,3
504,3
4440,2
1536,4
4482,4
8165,4
6942,2
8332,3
802,2
4874,4
4311,4
1770,5
5694,3
8938,3
196,2
790,3
6077,2
2503,4
10927,3
8166,1
10473,5
6832,2
3776,4
21,1
10134,5
3037,4
586,2
114,5
5731,4
1761,5
4905,2
4794,3
7849,3
8934,2
2064,4
7034,2
6081,2
4809,5
4537,3
3703,3
10470,2
3404,5
343,5
10850,1
5150,1
10710,2
9895,1
4244,3
2108,2
4692,3
3726,5
1210,5
6914,2
2192,4
1156,5
8881,1
7800,5
7864,3
4676,5
1311,4
8026,3
2,2
480,4
1054,4
7140,5
10636,5
10494,4
1843,1
5701,4
9437,5
9423,5
9317,2
4841,1
6692,2
6429,1
7220,2
6173,3
2899,2
3953,4
10748,4
8055,5
10879,3
4975,2
4906,1
3034,4
10185,2
800,5
1937,4
4548,5
7963,1
2991,3
10639,3
9260,5
2819,4
5492,5
1809,1
10759,3
2872,2
1939,1
3532,4
8788,2
9320,1
192,4
8712,2
9762,4
7512,2
1199,5
5939,4
4535,3
7722,4
1062,2
8302,4
5993,4
5833,2
4163,5
325,4
641,2
6550,5
6424,1
9258,1
2220,1
8544,1
6505,1
1746,1
6285,3
3824,2
5519,5
3683,1
2641,4
9098,5
1955,5
1885,3
9181,3
1790,2
4323,4
9481,1
6614,3
5140,5
1684,2
6711,4
4604,1
8402,1
5827,2
9015,3
6575,1
10586,2
7163,5
2596,5
10661,1
5164,2
6953,1
6936,4
4325,3
7175,4
1333,5
10554,3
9240,4
3903,1
2914,4
10515,3
3081,3
4448,1
8211,4
782,5
10159,3
3351,4
10343,1
4814,3
3921,2
10794,5
5730,3
1780,2
8931,5
7048,4
3621,3
152,4
6769,5
5137,5
69,5
795,1
7397,2
1193,4
9382,5
7561,3
2427,3
9918,5
10059,5
2905,2
3277,5
10869,2
190,5
9367,2
4034,4
3420,1
9509,2
8476,1
97,1
2452,3
6757,3
491,4
8879,2
10724,2
6349,3
2836,1
1391,4
6298,5
10248,1
6442,3
8295,3
4364,1
7076,1
6651,3
7634,1
1265,5
5643,4
1812,2
8361,1
651,2
8232,3
5777,5
4170,3
10782,1
7236,5
4080,4
5764,3
492,4
635,3
3481,3
8597,1
5753,4
8294,1
4654,5
5189,1
5394,2
1552,1
1943,4
5269,4
138,1
2629,1
8841,1
5598,2
2535,1
2789,2
5345,3
2412,2
3718,5
2561,2
697,5
3605,1
2522,1
3910,5
6193,4
1615,5
2664,4
9556,1
5347,5
393,4
1203,1
10760,5
913,4
2328,4
2456,3
10429,4
5343,2
7661,3
9777,2
3751,2
6625,1
870,5
4633,3
7626,3
10227,4
2494,3
7736,2
10497,3
3371,3
2891,2
10623,5
3970,1
6784,1
5712,5
7265,4
1007,5
3890,1
426,4
7451,1
3365,4
2398,3
2318,2
10370,1
6167,3
9216,4
7627,5
5155,3
3421,5
9733,2
2525,5
4748,3
4734,3
9904,2
3276,4
4766,4
7430,5
8318,3
8971,3
1747,5
4962,5
7378,4
9375,1
6086,3
2263,5
8036,2
9384,1
7334,2
2104,5
161,1
8880,5
8338,4
4242,4
9690,4
1928,5
8596,5
7810,3
4903,3
5101,3
5255,2
1304,4
10924,2
3847,3
3950,3
1343,5
5995,1
9205,4
9621,2
2839,1
7176,5
2517,5
9042,5
4929,1
7119,4
2560,5
9408,5
895,3
258,3
7105,2
8600,5
5319,3
2116,2
2922,3
1685,4
1126,3
1561,4
6661,1
9432,3
5316,3
8444,4
6331,4
4396,1
3124,4
3424,4
1276,3
5847,5
10052,3
4393,4
182,2
4067,3
3233,5
6479,4
698,3
2112,2
108,5
5056,3
7203,2
2606,5
9961,4
6876,2
8128,4
5021,2
2508,5
4055,3
2594,1
8450,3
9355,4
809,3
5489,1
8114,2
7945,4
7770,1
8478,4
7399,5
4086,4
7499,5
2631,3
361,2
9456,4
2597,2
9150,5
6670,2
6120,2
7685,1
4673,5
5427,4
881,5
4256,1
10041,3
5724,5
9414,1
1938,2
4495,5
9546,2
5959,4
5108,3
279,1
7415,4
4225,4
8061,4
10628,3
3925,1
10804,3
4472,3
5876,3
8665,4
6652,4
5232,3
629,5
8745,2
10270,5
6767,4
3026,5
6389,2
2348,2
493,4
9739,4
9302,3
5803,5
10065,4
6991,5
10027,5
4447,1
6595,4
8981,4
1253,3
8982,5
4834,3
2261,3
9570,4
833,4
1555,4
2145,4
1998,4
4096,5
10616,2
10322,1
4724,3
2846,1
10068,1
7345,3
4697,4
10417,1
10568,4
7552,2
6983,3
3874,5
4647,2
3062,4
566,1
934,1
4327,3
971,5
85,4
3383,3
5999,3
4407,5
6137,3
10444,2
9651,4
7753,1
658,4
8351,2
1586,5
8871,5
8808,4
5652,5
9694,3
5300,4
6828,4
6841,4
2461,3
6385,4
2605,5
8468,1
3,3
10076,3
993,3
3017,1
1771,3
6778,5
696,1
1911,2
3564,3
6082,3
8543,2
664,5
10912,2
5723,5
5799,3
5814,2
8474,5
3516,4
10574,2
8224,4
10690,3
9254,3
5116,1
10422,2
8250,1
1788,1
7827,2
8557,5
6516,5
1958,2
5689,4
1842,5
117,3
2030,5
5834,5
8624,3
3104,2
8710,3
5870,1
6937,2
863,3
10898,1
3237,4
2976,4
10158,3
8743,4
777,1
9806,1
3838,1
6055,3
7821,5
3278,4
8671,1
7881,4
5638,1
3851,3
9450,4
8598,3
2013,3
9492,2
7899,5
9709,3
6781,1
3055,2
3637,5
9438,4
2756,5
5476,5
712,2
1528,5
8823,2
9013,5
9362,1
8230,1
1569,1
722,3
6129,2
9534,1
7758,4
6327,2
2831,2
3760,3
9452,4
4785,4
8667,5
8151,3
9606,1
5574,2
7352,1
5431,4
4337,2
8167,2
10715,2
6630,3
10831,4
6181,4
6358,4
2079,4
4302,1
8798,5
3545,3
4148,3
5377,1
5402,5
1683,3
1945,1
3324,2
3764,4
1564,1
2812,2
5866,4
3503,2
4022,5
862,4
1884,4
5030,3
147,3
7454,3
5258,3
10078,5
8959,1
10596,1
4082,2
914,1
171,4
8854,1
1282,4
6507,4
9215,4
4964,1
8748,5
9525,5
944,5
6280,3
9421,2
8528,3
9937,1
7056,1
3714,4
1921,4
4738,5
4858,4
10298,5
9392,5
6034,5
1807,1
7277,5
287,4
1212,4
6509,5
7480,2
7471,2
7648,4
9335,3
9334,4
5748,4
7040,1
2246,2
2510,2
10074,3
7284,4
2436,1
2970,3
9024,2
3690,4
6022,1
181,5
6744,5
8190,3
71,5
9077,2
8772,3
2034,5
3562,1
7011,2
6496,2
8200,3
10751,5
9763,5
2903,4
8369,1
3625,4
9006,3
2499,4
10030,4
10796,5
3266,1
8720,3
1131,3
4042,3
4645,1
215,5
243,4
582,5
4168,5
7307,5
2682,4
8005,3
3765,4
9170,3
10126,4
6789,4
2437,5
3897,4
3585,5
4581,3
4674,1
5221,5
3181,5
5607,1
124,5
10966,5
9557,5
5119,5
4446,3
1673,1
7074,4
8129,4
8617,2
5623,1
655,3
7121,5
4326,4
2691,5
7385,1
3392,3
857,2
9587,1
9984,3
3689,3
2484,5
10119,4
9681,3
79,5
180,1
6668,4
10501,1
7095,2
6372,5
5734,5
5695,2
1497,2
10427,4
6246,3
2926,1
8436,1
7768,3
3785,5
4764,4
9217,5
10239,2
1588,4
7795,1
2134,1
6206,2
8407,5
9598,1
7536,5
1487,1
9027,4
3085,1
7730,5
4716,5
4524,4
7596,5
6386,2
9528,4
376,3
10727,4
5361,2
5312,5
9178,3
4023,4
6892,5
1281,3
6941,1
3248,3
2507,1
2463,5
2374,1
10897,3
3842,4
7928,1
6179,4
5048,1
7988,2
2054,1
5051,1
6725,1
9387,2
10653,2
1922,5
733,4
1361,4
88,3
1183,1
3179,2
8496,1
8608,3
7624,1
838,4
4891,4
7054,2
4586,1
5690,5
749,5
5069,5
2900,3
4664,3
3705,2
820,1
7910,4
8895,4
9581,4
4565,2
4058,2
5968,2
9744,1
9816,3
8998,4
1378,1
1962,1
8248,4
469,5
7268,4
1317,4
2082,4
10147,2
9874,3
3185,3
5706,2
8124,5
3379,2
9493,5
7149,5
8633,1
1641,4
2645,1
2514,4
5367,2
3413,1
8426,4
9628,1
5047,4
8383,3
4501,2
6074,3
5735,3
10398,4
5180,4
3473,2
387,2
2361,2
3009,4
1313,5
8438,5
7132,1
2125,1
6279,1
61,3
3216,4
6118,2
1016,1
2990,1
7438,5
7336,3
5389,4
2090,2
4915,2
2058,2
6123,5
10755,1
3856,2
6715,4
3489,1
7992,2
2481,3
7008,1
9535,2
10499,4
1550,5
6021,5
770,4
8940,2
3732,5
4712,1
2210,1
8625,3
3067,5
4234,3
14,3
2042,3
4706,5
6368,2
241,4
4629,5
8226,1
5178,5
4144,3
10412,5
7872,1
4672,3
1373,5
9052,2
6989,1
8872,3
9945,5
2677,2
7633,5
5053,4
3729,3
5760,1
6968,4
3889,1
2336,2
2362,4
9381,3
761,4
5756,1
5528,4
3808,1
9646,5
9878,2
285,4
1124,4
875,1
5793,5
7,1
6038,1
1724,2
2528,3
9938,3
2985,5
6269,4
1482,2
4162,5
6535,2
7055,3
7375,1
9196,5
945,2
7587,1
9712,1
9446,5
1385,5
8746,2
6710,3
6812,3
6653,1
2086,4
2087,2
4299,3
2379,2
5378,4
8935,4
8060,5
10873,1
3766,2
2238,5
6501,2
8801,2
6745,4
8455,5
2616,1
4173,2
2445,3
5818,5
9091,3
10711,3
7577,3
7369,4
1430,2
10647,3
778,4
2995,5
10462,5
1355,4
3430,1
6993,5
4609,2
1519,3
221,3
19,5
1224,3
7653,5
8827,3
75,1
7372,1
6111,4
8358,4
4039,3
4223,4
7463,5
7960,1
9325,1
4727,5
7090,5
3737,4
8204,4
3942,1
7957,5
10144,1
3334,5
4938,4
3002,1
9852,2
9499,2
9161,4
130,5
5846,5
4832,5
8150,3
10446,5
7715,5
524,2
10084,4
3773,3
9107,2
2681,4
5934,4
10110,4
3873,5
3559,3
2540,3
340,5
10763,1
2179,2
10009,1
6472,5
4000,5
2443,5
497,4
2326,5
6821,3
780,5
5655,4
10216,1
9218,3
8885,4
7388,2
10918,3
1227,4
9428,1
2313,4
5891,3
9669,5
9448,2
6096,2
2130,2
8914,3
3445,1
9471,3
2450,2
4828,4
3665,5
7814,1
5223,1
8355,2
9908,5
7376,1
4106,1
2726,3
218,4
1052,5
5787,5
9250,2
332,5
3857,1
5294,3
9537,3
6309,5
936,2
7465,1
9510,1
9725,1
8306,4
2722,3
2128,1
9123,5
7353,1
7359,5
10346,2
10184,5
6777,1
2958,2
3333,3
9056,5
8305,4
2135,3
9737,2
501,2
419,2
1184,5
8021,1
8029,1
4391,2
8889,4
1396,3
8513,3
5820,1
6198,5
7442,1
403,2
10777,5
9340,2
7764,1
7751,1
1949,1
1531,4
4481,2
8737,4
1113,2
2400,5
2550,1
4935,2
6849,1
3815,2
1109,3
1141,4
3393,2
5732,4
703,2
9236,4
2140,3
541,3
10502,1
9389,2
1041,1
2683,1
9870,4
1722,3
6031,1
6978,2
4013,5
8192,5
6970,3
7407,1
3448,3
5117,3
1614,2
5635,2
2901,1
680,3
3541,2
4496,2
3105,2
6194,2
3674,1
8930,3
4043,3
867,3
5342,2
5448,4
2350,1
3636,3
6112,1
4272,2
5298,4
585,3
9401,3
3828,2
3868,3
3688,3
899,3
4590,3
5046,1
4119,2
6210,1
2195,5
9779,5
3747,3
10143,4
9500,2
3102,3
574,2
7717,5
5239,1
9848,2
8117,1
2551,5
7623,5
10965,3
8742,4
4530,3
2932,2
2497,1
8487,1
9192,1
5128,3
6910,5
2876,5
4249,3
8266,4
467,4
828,2
4138,4
1871,5
10012,1
4865,5
3052,4
513,3
1312,2
4061,5
8676,1
10505,2
9715,5
6456,5
4770,5
3822,5
5858,5
8511,3
6062,4
7559,1
6995,1
4305,1
9688,3
8058,1
4811,5
752,1
9379,1
1784,3
4304,4
9197,3
177,5
9856,4
8765,5
9939,3
10527,5
6253,1
2446,5
3292,4
1708,2
7929,4
7834,3
9671,5
9950,2
10170,2
8052,4
7193,3
2506,4
7312,3
2650,1
7975,3
9615,2
9331,5
4181,5
2161,2
8122,3
2323,4
5350,5
9339,1
2845,5
1579,5
4121,3
5625,2
10538,2
4703,4
9116,3
5364,1
1435,5
1762,2
10019,4
5498,3
1247,4
3137,3
1664,5
86,1
8252,2
7716,2
1599,3
9860,2
8401,3
3895,5
10820,1
7460,2
1275,3
10658,4
10665,1
8527,5
5035,5
1534,5
1040,1
7718,3
2081,1
7618,2
8465,5
8868,3
3682,5
7674,4
6667,3
9722,4
6209,3
6133,5
1580,5
4056,1
8673,4
5800,5
10108,5
6041,4
2204,3
1074,5
2628,1
2072,1
4871,4
4455,1
4208,2
9847,1
9229,2
1405,1
6236,2
6956,1
5114,3
3054,3
3129,4
6098,5
286,3
9700,3
9426,5
8950,4
2297,4
5449,3
2547,2
5099,5
1554,5
2615,5
6268,5
4875,5
5353,3
5136,1
5616,2
1198,2
6695,5
7084,1
333,4
2888,3
5524,5
7293,4
8691,2
216,3
10173,3
9045,2
3859,2
9541,4
7128,3
1151,2
4979,5
9048,1
3143,3
2833,1
10613,3
4558,1
5657,4
3806,2
1540,5
1649,4
3672,1
851,5
1216,5
4551,2
2180,1
2038,2
957,1
10521,2
5580,1
7309,2
4333,4
44,1
7807,5
7122,1
9604,2
6676,3
648,3
5901,5
6239,4
9085,5
4250,4
8704,5
4755,4
7832,4
6018,5
4607,1
10632,3
1704,3
8097,3
9813,1
2382,5
10320,4
7413,4
7061,4
9514,4
8406,1
10611,3
4266,2
4822,3
9018,4
6247,1
4045,1
5482,4
10353,2
7614,3
8219,5
9313,1
1980,2
3536,5
8343,5
5161,3
8615,5
6252,2
8921,5
7922,5
7874,5
5193,4
9084,5
813,2
3205,3
7535,2
10798,2
8548,2
5469,1
6191,5
4914,4
6860,2
5479,2
2727,4
2349,1
6448,4
713,3
6153,4
789,2
8635,2
8628,5
2760,3
2835,3
6063,1
3599,4
7305,1
4709,2
4416,5
9108,5
6226,4
666,2
665,3
3166,1
611,2
932,5
3498,1
10420,1
8516,3
5303,1
7812,2
1033,2
912,4
3236,5
169,3
8960,3
5768,4
3943,5
1242,1
5368,4
6053,2
6478,2
281,4
9641,2
5592,4
5737,1
5965,5
3589,1
8212,4
2633,4
128,4
2224,3
10355,5
9853,3
3654,3
6779,4
10745,1
8326,4
10818,1
7948,3
1485,4
9921,1
941,4
4350,5
3323,1
6895,5
2462,2
2860,1
9463,2
3869,5
2572,1
9198,4
7230,3
10217,3
10853,3
1211,1
6871,2
6079,5
1829,2
4525,5
9885,1
2216,2
9995,4
6116,3
6281,4
8898,5
9511,5
4001,3
6718,2
6001,3
2286,4
9186,3
10626,4
2071,1
6092,1
4222,4
1365,1
4615,2
9195,1
2705,3
1879,1
7023,3
6397,3
8158,2
7919,1
9371,2
4680,3
9577,1
6846,2
816,1
1474,1
2656,1
27,1
9801,5
8391,2
5485,5
7245,5
7316,1
430,5
2200,2
6097,5
1702,2
10189,1
4876,2
8156,1
2644,3
6708,1
4617,4
8237,1
10723,5
10992,1
7070,3
949,1
7246,1
9211,2
420,1
7483,4
2637,1
6593,4
2518,4
7472,4
8732,4
7918,1
2634,1
609,4
3900,2
8118,5
7398,3
1845,4
507,3
42,5
6842,2
3959,2
3142,4
10463,5
8031,2
8162,5
7174,5
8159,1
1471,2
5682,2
2133,3
9083,5
5836,2
7391,2
7331,2
6180,3
988,1
1260,3
1266,2
2113,4
2757,1
10464,1
4025,3
5113,4
8134,5
9294,2
7553,3
10902,3
7211,5
5971,3
6019,5
576,1
3061,5
1315,3
2401,4
10479,1
2229,1
794,5
1324,5
1075,2
3787,4
6378,4
9445,2
9295,5
10730,1
9001,3
6807,3
8066,1
9594,5
7154,4
1605,2
9484,5
1841,4
7886,1
3131,1
6333,4
4341,3
964,1
9765,4
10048,1
9257,5
4142,1
2119,3
8412,4
6366,5
6739,5
5233,5
568,3
1412,2
1001,1
6901,5
10664,2
5131,1
3871,2
2657,4
3610,2
8679,5
3861,5
6431,1
1448,3
3076,3
4424,3
10118,5
9391,4
9263,5
9402,3
8757,3
6511,2
5249,5
3053,3
7510,1
8082,4
7022,1
7747,1
8668,1
8939,3
7304,3
6010,1
10036,5
1466,1
7504,2
10303,2
4094,1
8825,1
5978,1
2826,3
3624,5
1476,1
1810,2
1977,3
3707,4
4468,1
10371,5
9862,5
9784,4
2363,5
9845,1
10474,4
1847,1
6544,3
8721,5
9660,1
10645,3
3270,3
3293,2
2549,3
309,5
3813,5
9053,2
4072,3
10684,5
4984,2
9465,1
10843,1
4422,4
10414,5
2544,4
1645,4
6527,3
3350,5
9740,3
4700,1
5235,2
8812,1
9935,4
8489,5
473,1
2285,1
2417,4
5550,5
1592,5
4850,3
5040,3
10145,5
9563,5
4264,4
5419,3
6611,1
6837,3
4725,1
8283,5
3632,1
2701,2
499,1
4528,1
4961,3
3570,4
8330,5
6517,5
3488,4
1825,5
1546,3
9104,4
2509,1
8739,2
7455,3
9314,1
570,2
3968,3
10456,4
4838,2
1371,4
612,3
10956,3
5790,4
1897,1
1725,3
3140,3
5654,2
9279,2
6200,1
43,1
1056,4
345,1
6432,4
8698,5
7228,5
9880,3
8043,1
3398,2
328,1
6869,2
7705,4
5576,1
4773,3
9999,3
8875,4
7152,5
2775,1
8416,1
1013,1
7354,5
2904,4
7394,2
406,1
594,3
5506,5
10601,3
6755,5
6390,5
1662,1
2290,2
4475,2
7323,1
1936,5
1201,1
9922,1
7961,1
5711,5
5267,2
6944,5
1358,1
1584,2
2092,4
4983,3
6126,4
2046,2
5231,4
10560,4
5504,2
6564,3
275,5
2929,5
8328,2
488,5
3459,4
5523,1
5938,1
10390,2
1805,1
10764,1
4388,4
10519,3
6599,3
5974,3
1670,2
2434,5
1686,2
10981,2
525,3
4062,3
8828,3
1021,1
7273,3
4028,1
3043,2
8602,5
1379,5
7088,1
3362,2
10584,5
10275,5
1848,5
7073,3
5568,1
2264,5
3972,1
363,3
2612,2
691,5
10120,4
6912,1
1831,3
3746,2
4620,3
90,3
3463,4
2911,4
2422,2
4584,1
10592,5
4719,5
10480,4
1794,2
5969,3
9156,2
3864,2
7892,2
7912,3
6039,1
4195,2
694,4
7702,3
9929,2
2306,5
1068,3
5144,3
7184,2
1220,2
4003,2
9815,3
1669,5
9977,2
9974,2
8910,5
2719,2
9894,1
6682,4
5886,3
6754,1
81,5
8512,5
1992,2
10697,5
8797,3
9261,3
769,1
2391,1
7386,5
6857,5
3046,2
9021,4
4939,4
2203,3
6788,4
7896,3
7529,2
3934,5
5174,3
8517,4
2956,5
6052,2
546,5
5590,5
5510,2
10385,5
6713,4
6344,5
4833,3
6322,3
1681,1
928,2
3416,4
352,2
4291,1
5832,3
4218,5
9508,5
10176,3
7199,3
1553,2
6866,1
1926,1
10379,1
10615,2
572,4
5098,5
1073,1
7007,2
8016,5
6393,1
918,4
876,3
1418,5
6609,1
10625,2
5405,2
5458,2
8729,4
5677,4
1089,1
9507,4
1576,1
9080,2
9106,4
2345,5
8392,5
7462,1
7473,4
4624,5
7329,5
3171,2
6803,3
866,1
5819,3
2907,2
7275,3
3213,4
9262,3
9460,1
5328,4
1602,4
3209,2
10088,1
8185,3
9825,3
6843,5
2266,3
4313,4
2690,1
3358,4
1671,2
10482,2
3343,1
6211,4
6522,5
2796,2
659,3
1522,1
4275,4
4559,2
4471,5
5172,2
3656,1
4519,5
9965,3
4634,3
7741,2
7447,1
3500,2
2585,5
3704,2
6059,4
3575,5
8010,3
735,1
8650,3
3414,1
8654,5
4279,3
4758,2
8925,1
1723,3
5324,3
1577,4
6359,5
8683,3
2765,5
946,2
4781,4
7996,3
561,5
9973,5
9129,1
7130,3
9413,3
5264,1
4884,4
9625,4
6954,2
9324,1
8707,5
5910,3
8400,1
5452,2
2124,2
10598,2
1143,3
5349,1
6486,2
8131,4
8846,1
4775,3
9070,1
672,4
1177,2
3250,1
9440,2
10344,3
3349,5
7908,5
6559,1
5126,5
9521,3
8833,3
10805,5
8342,4
1547,5
8966,4
3007,3
2699,2
3041,3
6615,5
7178,2
7508,4
5154,4
8595,1
3214,2
1135,1
7993,2
7234,3
6128,3
4839,3
2164,4
564,3
7341,1
7797,3
365,2
7260,5
5125,2
324,1
2987,3
2968,3
4115,2
7630,2
369,5
1268,4
87,2
1792,4
4461,5
9905,1
5190,4
4452,2
9212,5
8300,2
4210,3
2380,1
6618,1
7956,5
7158,1
6233,4
7779,1
4442,5
305,4
8946,3
7709,3
1668,5
7875,3
9714,4
4908,5
9580,2
6891,1
5775,2
7670,4
841,2
2815,1
9588,1
7227,5
4213,4
2881,1
1178,3
8092,1
2396,2
1442,4
8235,3
3410,1
4626,1
2802,3
294,1
6436,1
3012,5
3699,2
8273,2
2943,3
254,2
2832,2
157,2
9835,3
4494,5
5163,5
1162,2
8906,5
3988,1
2075,1
149,1
8727,3
2521,4
1526,1
5522,2
4752,4
8297,1
9881,4
6103,3
5632,4
4128,2
1303,3
3522,3
4847,3
5500,4
5556,2
4417,2
6371,3
172,4
6907,4
2011,2
7360,4
1849,2
6699,2
7279,4
2685,3
3354,4
3534,5
1342,4
4343,4
9795,4
9230,5
8787,4
7280,3
1952,5
6626,3
4970,5
10874,3
5059,3
137,5
8515,5
4085,5
1483,4
2736,3
7168,3
2482,5
7813,1
4515,4
9126,1
8920,2
10340,5
9282,3
10236,4
6650,5
8203,3
1719,2
3858,3
3827,3
9702,3
34,2
2235,1
1239,5
3460,5
1245,3
1824,5
6271,5
6207,3
9268,1
3356,3
7801,5
470,1
7541,4
9574,2
7441,3
7166,4
7893,2
6048,1
7197,3
3446,4
6283,1
632,3
3752,2
6898,2
8536,1
3504,4
1782,2
8062,3
530,2
1656,5
5698,4
9388,3
7978,4
259,4
3320,4
987,3
8705,1
8550,2
9311,2
8274,1
3357,3
8514,2
827,2
7487,1
10972,1
2093,3
742,5
2160,4
5940,5
2360,4
1407,4
4944,1
6741,2
5400,5
1176,4
8126,1
2376,1
9436,2
4579,3
4268,4
6146,5
9686,5
5915,5
7985,3
3285,3
6813,3
2149,1
6831,1
6216,3
8709,2
8714,5
10029,4
5464,5
5994,5
10549,2
8153,4
9461,3
4010,5
213,5
1376,1
7153,1
1587,4
5931,5
7467,1
2512,5
7851,4
3347,2
4136,3
4419,3
1363,3
6185,5
8193,2
5410,2
5385,2
6365,1
2496,3
10081,2
3901,5
8099,1
4957,4
2208,1
7013,5
3659,3
10364,4
1347,5
1254,1
2489,3
6006,3
10895,3
2492,1
6539,2
3128,1
4909,1
4783,1
6400,5
1665,2
7527,2
10232,3
1386,1
7406,5
5335,3
8263,1
3422,4
1081,3
9642,2
5798,3
2132,1
7114,4
8046,2
6847,1
8604,1
2541,3
4429,2
6680,2
7706,3
6099,4
3469,3
5569,1
2338,5
4156,2
5253,4
8651,2
2206,1
8874,1
3483,1
9697,3
6160,5
3717,5
3549,3
8552,4
437,2
9811,3
10079,3
9750,4
7409,4
2676,3
176,5
7498,5
7643,2
1248,2
3151,4
10971,5
1179,4
8643,4
4920,3
9369,3
5390,2
8178,3
8916,3
10694,3
9796,1
8584,2
972,5
2938,5
8719,4
4547,4
5336,3
2414,3
1149,2
6768,1
7238,3
2684,1
4880,3
7137,4
1403,2
7253,4
10769,1
689,5
804,4
1820,3
10737,3
3377,4
3036,1
8074,4
7925,1
8022,2
6793,1
3485,1
9670,2
2566,4
1887,5
10698,4
959,2
6075,1
8280,4
8567,2
9760,2
8523,1
1255,5
10989,1
4625,4
3238,3
5242,5
9996,1
4370,2
8659,2
10413,1
1544,5
7904,4
3713,1
8593,3
8034,2
8621,2
1672,2
7052,5
1837,5
6514,1
4887,2
297,4
10739,3
9578,1
990,2
3064,5
3706,2
2847,5
1413,4
7608,5
2457,2
6392,1
270,2
2977,4
7783,5
4894,5
4335,3
2986,1
3454,4
6149,5
5001,5
5218,3
5564,2
5341,2
8023,3
4518,4
8852,1
2607,2
9661,2
9609,3
1651,1
2325,4
1289,3
7703,5
6251,1
9474,1
4802,2
3758,3
10132,2
3327,3
10706,4
6801,1
5124,3
3602,2
6957,2
5952,2
10099,2
4561,3
5763,4
10510,2
2974,3
739,2
5188,1
7066,1
9767,5
7710,3
485,5
534,2
5972,3
185,2
7024,1
9674,5
10057,2
6786,2
10204,2
3611,1
3680,1
6069,4
9255,2
3749,4
5333,2
8112,4
544,2
4464,5
4803,3
1008,1
9719,2
7263,2
1637,4
10819,4
7426,3
6923,3
195,5
1946,1
1082,3
7509,4
4576,2
4682,4
4172,3
5783,3
5593,2
7628,4
5196,3
5351,2
2732,4
5626,4
8893,1
5077,2
91,5
10010,5
5127,5
2341,5
6640,1
1058,3
7933,1
1277,1
2818,1
10899,1
9866,1
812,5
2120,4
5529,3
3200,3
10576,5
9280,3
93,3
3146,1
4381,1
10847,1
552,4
4269,2
10838,2
10567,5
2856,3
6766,3
1616,4
6176,1
9605,2
5357,5
8007,1
3015,1
10296,3
6196,4
7240,5
6531,3
1562,2
3008,1
3385,3
9219,4
2037,1
10885,4
3122,1
8864,1
5511,2
2174,5
10153,3
2614,1
10571,1
10896,1
5956,5
4854,5
25,1
1570,3
8760,3
7939,1
2851,1
3180,2
4110,2
2857,1
7395,2
791,4
9125,4
1527,5
740,5
3281,3
1680,4
4571,2
8853,2
1323,1
7274,2
4917,5
9032,5
1624,3
7629,1
9632,1
4933,4
2763,2
3296,4
10128,2
6267,5
5149,1
8321,4
792,4
8053,4
7820,5
4913,1
3291,1
10017,4
443,4
3178,3
10487,2
1279,2
554,4
6855,3
4412,4
3693,5
6536,2
7762,2
3115,4
4169,5
9927,2
5414,2
3594,2
7523,1
5474,4
4972,5
8033,2
819,5
2377,2
509,2
10333,1
836,4
1300,2
2397,3
6161,1
10164,3
10864,3
222,2
7161,2
1789,2
4658,3
7742,2
616,5
8867,5
9210,1
5391,4
7787,4
1639,1
7058,4
4511,2
5521,2
750,3
7839,4
1745,5
2003,5
7880,2
10266,4
5964,5
1730,3
457,4
10406,5
9567,4
10437,4
3080,5
10689,1
360,2
10214,2
9479,3
10960,4
5815,3
123,3
4469,4
296,2
3100,1
2357,3
4018,5
1931,1
5725,2
7189,1
725,4
5892,5
6515,2
6414,2
10265,1
1571,2
10970,4
9872,5
1091,5
3860,5
5409,5
9397,4
2303,3
3110,4
8570,1
1308,4
4425,5
7469,5
6142,4
1119,1
6003,5
1823,5
6374,1
8700,2
6396,2
4098,2
7412,5
8905,3
3186,1
6748,1
8084,5
9711,5
9597,5
1096,2
5192,4
142,5
8089,5
9124,5
1278,2
3753,4
8810,4
10589,2
10498,4
8121,2
6556,3
7109,5
10638,3
10411,1
10103,3
7208,4
4437,4
2473,1
7288,3
2127,1
902,3
6579,5
28,3
2347,1
1393,2
3941,5
1735,2
8136,3
6255,5
8272,4
2101,1
10122,4
2916,1
6395,5
4009,1
3695,1
2301,5
9245,3
642,1
1139,5
7254,2
1636,1
7339,2
7349,4
422,2
1910,5
8157,5
4354,3
7871,4
10196,5
8612,1
3628,1
6264,4
317,5
10277,2
1755,3
3174,2
5947,1
9128,1
3631,4
5603,4
5100,5
6426,1
10599,1
3271,4
9177,4
533,1
532,3
2267,4
5060,1
10884,4
8430,1
10472,3
6830,1
10219,3
5595,1
4614,4
487,1
9390,3
2984,3
183,5
6102,3
7112,2
7844,5
5588,4
5986,2
5183,2
3996,3
7319,1
9157,4
7696,1
52,3
3242,4
315,2
3715,5
2279,1
7902,4
10594,2
7181,5
10151,4
9269,2
2487,2
7649,1
1787,2
2734,2
3283,2
8640,5
6409,2
6734,3
2069,4
1172,2
6117,4
8918,3
2707,1
2053,5
3261,1
4868,3
6495,4
160,2
2109,3
10376,3
3556,2
4,2
3722,2
2808,2
4916,1
9889,5
9851,2
5795,5
9863,2
7937,1
2188,3
7607,3
8877,5
4671,3
1714,1
1034,3
6712,2
7216,2
6169,4
1618,4
5016,3
3476,2
1753,2
8685,4
4474,3
3590,4
2729,1
3977,5
10925,1
6411,4
8253,2
4819,5
6477,3
8807,4
9504,4
7170,5
1291,4
6360,1
2458,5
9747,4
8446,1
7868,1
5691,1
2154,3
7580,4
8102,3
8171,2
5338,5
7287,5
3501,2
5480,1
7595,2
6238,4
1479,5
7489,3
5244,2
1557,1
6145,5
5508,5
7449,2
4563,2
3821,4
10244,5
2830,5
1920,5
2485,3
10809,2
2576,4
10102,2
7680,3
2662,3
5812,1
8002,4
8127,5
4612,2
717,1
4603,4
7749,1
5493,5
9270,1
7396,2
1545,3
8599,1
3402,1
1999,4
1084,4
7270,3
8724,2
3985,2
6013,3
103,1
10403,4
10811,1
10958,2
1017,3
9273,3
3640,2
7242,3
10977,4
9430,5
3097,4
174,3
7589,4
3914,1
803,4
9565,4
4618,4
7575,4
5610,2
6574,1
2367,5
9503,2
49,3
6853,3
6958,4
2886,1
6332,2
9234,3
6570,2
10455,1
7869,5
5359,4
2526,1
1196,2
1886,4
10701,2
5308,3
10336,3
543,3
8692,3
9396,5
5796,3
4400,3
3417,3
8907,2
9663,2
405,2
4517,4
10447,5
6690,3
3071,2
5619,5
1861,1
7196,2
9422,1
5890,4
5990,2
4686,2
6921,3
5352,4
6492,1
4918,3
1549,1
3615,5
10080,4
1197,2
4306,3
6873,2
10558,5
5767,4
4879,1
1166,3
8696,4
7217,4
8559,1
68,2
8619,3
2964,2
9910,4
135,5
9925,3
10995,1
6987,5
9472,1
10226,1
1944,4
2598,1
3444,2
5322,3
7206,3
8564,2
5669,5
3317,3
2817,2
2834,5
7410,4
8530,2
2147,4
8028,1
2428,5
3708,1
6254,1
6596,2
4488,4
3567,1
7677,3
10618,3
10058,1
9096,3
10082,4
7676,4
8483,2
4445,4
4345,3
3221,4
7997,1
2178,5
4881,5
1663,5
5900,4
6341,4
8529,5
6829,4
4309,5
9374,1
2066,1
2152,2
1778,3
4035,3
4048,2
5547,3
7479,5
8459,2
9039,1
1362,5
5447,4
10564,2
476,2
6761,3
4131,1
9337,3
517,5
4816,5
3173,2
10961,2
676,5
7986,1
9824,3
8587,5
8460,5
6696,4
10762,2
3762,4
2273,3
2632,5
3449,1
978,3
10948,4
700,1
6403,4
1815,3
3604,4
7047,1
1514,2
3183,3
6642,4
8822,4
7492,3
10015,4
4779,5
9433,3
10666,5
76,3
3962,4
9523,3
6270,4
9308,4
1160,5
3862,1
9356,4
9361,4
2228,4
2803,3
3641,1
7028,4
9627,5
3198,2
7689,2
4257,2
3118,4
8948,2
9988,5
3196,2
9343,4
2712,3
8309,5
10848,2
8020,4
5261,4
3557,5
2277,3
4986,1
8782,2
5497,4
2177,4
212,5
2395,3
2040,3
7411,3
4125,5
5422,5
6163,4
5142,1
6884,3
3339,1
1345,5
4772,3
8493,1
1000,3
4677,2
960,4
9359,5
5226,1
9926,1
1535,1
1532,5
3844,2
8393,4
2351,1
1648,5
10404,3
162,1
2327,4
7405,3
9821,2
9695,3
8915,4
3907,1
6976,5
8145,2
1105,3
8366,4
9638,4
575,2
4026,1
6182,5
4667,3
7935,4
10100,2
10799,3
9068,5
6950,1
6955,2
1397,2
3578,2
2239,4
1758,2
7584,5
5020,3
3675,5
643,3
10507,1
8962,3
3922,4
7078,3
1763,5
1712,4
7796,4
10423,3
10391,3
7688,2
4289,3
10840,1
391,1
10856,5
5181,3
5490,2
6240,4
1380,5
10471,3
9951,4
5363,5
6009,2
9616,1
6016,3
3384,5
8989,4
7704,1
2381,5
10085,5
8331,5
6943,3
7514,2
2636,3
2100,1
7029,1
7364,1
4205,2
10562,5
1647,4
6480,4
9127,3
6548,4
4297,3
10045,4
1280,4
4414,3
389,2
5744,5
8990,2
304,2
4020,5
5467,3
5310,1
4713,5
7046,4
6050,4
2688,2
9,2
1873,4
3587,1
9035,5
8647,1
5980,3
9277,1
3478,2
8049,2
10268,5
771,3
10585,4
2980,3
8614,3
7470,1
1806,5
3803,4
10034,4
5265,3
10704,1
2078,5
9683,1
10944,4
1057,2
62,1
6450,3
2587,4
4104,4
9063,2
3497,4
1878,1
4656,1
89,1
9285,2
4145,5
5545,3
10131,4
1095,2
3251,5
9657,3
8776,1
2354,2
6243,2
10222,3
10415,4
9130,5
209,5
4950,3
10768,1
7636,4
7194,1
8644,1
1813,4
3145,5
7841,2
9288,2
4978,1
1895,1
6662,1
1638,4
1518,5
3761,1
9573,4
5067,5
3884,4
2867,4
6027,1
9502,4
6274,5
5093,3
3267,3
4718,4
6521,3
8508,3
10481,4
1423,2
2590,2
1,5
8824,2
6220,1
3898,4
10011,2
1269,4
8087,1
6381,3
654,5
9643,3
5375,5
10228,1
7110,5
5922,3
10577,3
1957,1
5191,5
4649,1
7793,5
7979,4
937,5
167,5
4765,4
6259,3
10859,1
1816,4
2343,2
10778,5
3892,1
3627,3
7474,4
9735,2
743,3
7778,2
767,1
2730,4
5070,1
2563,5
7117,5
453,1
375,5
1207,1
6996,2
220,4
3757,5
384,3
6911,4
5370,1
1103,3
8738,3
1533,1
8837,5
10587,5
8056,3
10969,2
7949,2
3391,2
514,2
547,4
909,5
1625,4
9536,2
7476,3
5859,4
8769,2
6467,1
4235,5
7941,3
3157,2
6657,3
5450,3
4286,5
624,3
5893,1
821,1
7249,2
466,5
5615,3
1741,3
2156,1
5156,4
7613,4
1942,2
10096,1
4075,3
7754,5
6859,4
3493,1
9572,1
1869,2
7205,5
5518,3
4698,3
115,4
6410,3
6215,5
860,3
7059,4
4760,5
10468,1
6272,5
7103,2
8042,3
975,5
1743,2
465,2
6067,4
3863,4
506,4
8067,1
7027,4
271,1
2667,3
2805,2
5553,2
7735,2
6345,4
4161,3
3376,1
6733,4
10834,4
8919,4
8771,4
3825,2
2750,5
7994,5
10325,2
9893,5
3184,3
7262,2
3771,2
9458,1
808,5
9524,5
3721,2
54,3
5700,2
6616,2
3719,1
2953,2
4152,4
7148,2
4985,1
786,2
2620,4
2954,5
1774,5
6278,3
1563,1
72,5
9323,2
9924,2
6503,2
7859,2
10428,5
8105,2
4583,2
1472,3
7525,3
690,4
877,1
253,5
7840,2
9675,2
1046,3
9778,1
8768,5
3226,2
3452,1
1182,3
7018,1
6606,4
455,1
10756,4
5822,2
6222,1
4308,3
10489,2
9890,4
8763,2
10264,4
2965,5
832,3
5774,2
7951,4
5120,2
3807,4
9970,5
4123,5
6845,2
4174,1
8258,3
8690,5
10308,5
4171,2
10844,2
10635,2
6502,1
2438,5
907,1
7590,2
9434,1
3595,2
3667,4
1709,3
10781,2
536,3
10387,1
7574,5
9667,5
3946,3
6736,2
4808,4
5440,1
1834,5
9223,5
8549,5
3487,3
5714,2
223,5
9088,4
9568,2
3601,2
9138,1
1187,5
244,1
6581,3
4444,2
1232,2
9030,2
9322,2
4767,1
5019,4
5636,5
10221,5
3681,2
7846,4
1844,4
8069,4
7281,5
219,5
2580,2
4277,1
8352,5
7129,4
887,3
8050,1
58,5
8431,1
10254,5
5549,4
2105,5
3069,4
1134,1
9850,2
6776,5
10152,1
10049,2
3495,1
2773,5
7765,3
885,2
7458,4
37,4
5018,1
1706,4
9092,3
1767,2
3191,5
10978,1
847,4
1181,1
5688,1
4898,5
5084,5
6854,5
4192,1
7789,3
10734,5
8713,3
3165,1
8018,1
6875,2
4842,2
2769,3
9451,3
10824,1
7461,1
10182,2
7530,4
6864,3
6840,5
2801,5
915,1
10369,4
5887,2
4931,3
6277,5
6635,4
424,1
1256,2
9112,1
267,1
3057,5
6178,3
5217,4
8913,2
2716,3
7737,2
8260,5
4216,5
3555,1
5863,3
1258,4
2151,1
10520,4
2252,1
627,2
5086,3
7111,3
4762,1
8443,1
8387,4
8281,5
4294,4
8555,4
9330,2
1689,4
6518,4
614,4
9832,5
1018,2
592,2
6131,5
3655,1
9380,2
8839,1
5243,5
3902,3
889,3
734,4
8672,2
709,1
3650,5
2324,2
4694,2
5584,3
10220,3
3917,1
10183,3
5456,5
10789,3
10109,3
6406,2
4806,1
1335,2
5757,2
5850,4
1505,2
5025,5
3202,3
4466,4
4228,5
3965,1
5599,4
3710,3
9576,4
5212,2
4788,4
6417,1
2143,1
3992,4
2879,1
3120,5
1288,4
5563,4
1090,2
5229,2
10591,2
1632,4
5885,5
7969,2
7187,3
2129,4
4594,5
8245,5
2423,4
4293,2
8610,4
2693,1
8259,1
2740,1
9117,3
2155,3
8994,1
6555,1
10382,3
6311,5
3206,4
6720,1
8995,3
2725,3
5966,5
7914,2
9167,4
10821,1
337,4
9009,5
7495,1
9306,1
3924,1
2088,5
8586,5
8795,2
5552,5
3063,1
5831,5
1202,4
1445,4
5478,4
9550,5
5587,5
8908,2
6284,2
2431,1
1170,1
1591,3
1504,2
7497,4
1422,3
920,2
9475,1
4467,3
45,1
5862,3
9358,1
1621,2
7825,4
3141,2
6000,5
10167,1
10541,4
3244,2
3138,5
7712,2
5151,3
9004,2
10793,2
5605,4
1484,1
7310,4
10457,3
598,5
10283,5
538,3
4653,3
3951,1
527,5
6130,1
7222,2
1967,5
1027,1
3692,3
5277,1
2065,1
908,1
3768,1
1739,2
1015,4
602,3
705,4
3724,1
1462,1
3571,4
9067,2
3633,1
656,1
5661,5
486,1
1575,4
9427,2
2429,2
4948,4
2652,3
9903,3
2026,2
3994,3
7286,1
10465,1
10578,4
2202,3
8576,1
4278,2
9720,2
8937,4
3167,2
10553,3
4630,2
979,4
1655,3
7424,2
9435,4
7642,2
10020,3
8130,4
1080,1
2061,2
3565,1
7434,1
5435,5
903,1
846,4
2021,5
211,5
12,5
1150,4
8747,5
8840,3
385,5
6302,2
10621,1
4516,1
10381,2
8277,1
2935,4
2217,2
3380,1
3909,1
3461,3
521,5
5720,3
6348,5
3073,3
5252,5
4952,2
10985,1
1932,2
9529,1
6738,5
6577,1
8364,5
5290,3
4197,4
2609,1
1047,4
3834,2
7907,2
3816,4
5536,2
4831,1
10771,1
5778,2
669,2
3438,1
10453,3
1752,1
7092,1
3653,3
4826,5
373,1
4721,2
9518,3
1600,5
9289,4
7081,3
4837,3
3904,1
1603,5
2312,4
7822,3
4499,5
2262,3
10055,5
8341,4
2421,3
7593,3
9078,3
3867,3
2617,2
1859,5
8715,1
9677,1
10440,4
5133,5
7921,2
9135,5
1565,4
1785,2
4340,3
7817,2
6405,1
6319,3
10206,2
1449,3
6087,5
4973,2
132,2
7267,4
6460,1
10540,5
8382,3
9496,3
6064,1
3249,2
5318,4
6545,5
10223,3
4146,3
8806,2
10431,2
6435,5
5246,2
6132,3
9010,2
5835,3
2364,2
2723,2
6175,5
8348,1
7723,1
8794,5
5673,1
8213,5
6962,1
1732,3
10492,1
10900,5
781,4
10651,4
4596,4
8148,2
4132,5
5039,5
7569,1
1369,2
3832,1
2170,4
3840,2
8509,2
9393,1
2339,1
266,3
2222,4
844,2
9689,1
5513,1
563,3
2621,1
2131,3
10383,4
7739,4
2532,5
2097,4
60,1
5873,4
7774,2
2877,5
2342,2
3997,4
4498,4
2294,5
10107,5
9253,4
5544,2
1100,2
5954,5
4232,1
692,1
8397,1
10668,4
9776,1
4575,1
7338,5
6631,4
10328,4
8784,3
10852,5
3479,1
3204,1
3159,1
3219,3
553,3
4896,1
7829,3
380,4
1796,1
7404,1
10913,2
3095,4
2766,1
9596,3
7143,4
4284,5
5738,3
7672,5
3123,4
8217,3
458,2
7214,1
282,3
679,1
3725,1
8521,2
7528,3
9543,5
687,5
1642,3
10933,1
8750,1
2793,5
5728,5
8210,4
8142,3
80,4
5057,2
1451,2
9176,5
1891,5
10069,3
9175,3
10281,2
6174,4
6684,3
1529,3
2768,2
9072,4
1388,1
4480,1
8500,1
1626,2
10377,3
9603,3
5471,4
10094,5
8220,4
5434,4
8405,3
4298,5
9403,1
8520,5
7761,1
7282,3
3406,2
2320,1
3786,2
2764,4
1030,1
3887,3
7243,4
6107,3
7377,5
5705,5
3443,1
3158,2
4117,4
3619,1
4631,3
9623,3
9668,4
3082,4
6362,1
5111,3
7828,4
10368,2
4263,1
8537,4
5681,4
7973,3
2809,2
6458,2
1893,3
9758,2
9522,1
2997,2
8968,2
600,3
347,3
1208,1
9868,4
10746,4
10887,1
535,4
2284,3
3805,1
9303,4
10168,4
6441,1
2293,5
7179,5
1882,1
596,3
8850,4
6380,3
8495,2
7632,1
8943,5
9017,2
10916,1
8086,4
5045,1
65,2
402,2
2912,2
4644,3
1690,4
7740,1
2538,4
10617,4
5903,4
9022,4
6820,4
133,4
6376,4
5072,1
2331,3
4465,2
5169,1
9941,3
9148,5
2005,2
8172,2
1660,4
136,3
9305,3
5797,1
1481,4
7557,3
4078,5
3685,2
3302,4
8080,2
9160,3
3563,5
9470,3
5134,4
8821,1
2322,5
351,5
5488,5
1851,1
4413,2
678,3
1500,1
7854,4
322,3
164,5
9932,2
1169,1
7043,5
1426,3
9505,3
2408,4
10180,5
10149,1
5935,1
7379,3
9954,2
3558,4
9482,3
5381,3
2567,4
8756,1
1489,1
8414,1
2919,1
7381,4
9328,5
5,1
7101,2
1509,3
7033,3
830,4
9618,3
4921,3
4890,4
155,1
868,1
6036,3
4753,2
10347,4
1233,5
5543,3
7421,5
2356,5
7792,1
7954,1
7223,3
1088,2
4361,1
292,3
2074,4
6664,4
977,5
7190,2
2966,1
5436,5
2055,3
401,2
633,3
3475,4
7582,4
10695,5
1153,5
5557,1
10408,4
10892,5
933,4
10486,4
5022,4
9678,5
6214,5
2359,1
7478,5
7876,1
3228,3
494,1
134,3
6800,2
3188,3
6973,3
6934,1
10361,4
168,2
5487,5
9506,1
3094,4
7858,3
872,1
7524,3
5198,5
4823,1
956,1
4768,5
7666,5
7738,1
6771,4
10783,1
10547,5
1692,4
3684,3
2063,1
5112,3
9517,1
2709,2
1679,2
2713,5
7443,2
344,3
7420,4
5627,3
5284,4
6949,4
5671,2
5601,3
6229,3
6952,3
7232,2
6481,4
10279,4
6888,3
8404,1
2695,1
200,3
9321,2
9975,2
8753,2
5176,4
5257,1
9948,5
10155,4
5466,1
8560,4
2138,3
3984,1
10511,3
1307,1
7564,4
4421,1
10875,2
8786,1
6648,3
5007,3
5982,3
2894,4
9225,4
1530,2
2806,1
1360,5
9064,3
3804,3
2798,1
6177,1
9842,5
477,4
10115,5
5066,2
8774,2
10384,4
10681,4
4154,2
8888,1
7486,2
7292,2
59,1
13,4
8137,5
4702,3
8454,4
9963,3
4122,1
8432,1
5288,3
1607,3
9590,4
5983,3
4285,3
916,5
7123,1
10234,5
8265,5
9453,3
4695,1
5864,3
6822,2
7539,3
5913,5
8711,5
9155,3
8499,5
17,5
8125,1
3150,3
4053,5
2411,5
8669,4
5667,5
7150,5
2516,5
565,3
4420,5
1904,5
5992,4
1916,5
9728,2
5962,2
4070,4
3635,5
4901,3
4451,2
1960,3
7016,1
7518,2
3793,2
1821,4
8796,1
10544,1
6659,3
1862,1
1918,5
7337,1
10729,4
224,4
1340,2
7169,3
6058,4
1951,1
9552,1
8421,3
10148,3
1578,4
6856,5
10218,3
1520,3
6605,4
5930,3
1971,4
5641,1
1014,2
1051,1
5575,4
10294,5
8861,3
7308,4
4140,5
8324,4
10316,2
6223,5
10773,4
5472,1
3973,2
4492,4
7805,2
8653,1
3920,1
7368,1
9284,4
10583,2
4955,2
5614,2
1059,3
2671,3
958,1
1613,4
6320,5
2107,5
9716,3
4261,1
5953,1
969,1
5403,3
6493,3
3789,1
6202,2
10397,2
6422,5
5567,2
8012,3
5443,1
4449,3
4167,2
418,2
4553,3
7387,1
2575,5
2250,1
4731,3
7635,4
6889,2
1496,2
10014,3
1400,3
8890,5
2600,4
1612,5
557,3
5566,2
4198,3
8749,2
10713,5
5042,3
3608,5
6589,3
7162,3
6183,3
4749,5
6488,1
207,2
2175,5
3673,1
280,1
4756,5
8472,3
756,5
883,2
3849,3
8554,5
9871,3
2019,4
3426,5
5856,4
316,2
9652,2
2994,5
4487,4
7145,4
1976,3
3029,2
6367,1
5200,5
2375,2
7920,1
10842,5
1235,2
5168,4
7566,3
5579,5
10565,4
1287,1
9409,1
6727,3
5054,4
8506,2
1754,5
7001,1
4981,2
1950,3
556,3
10439,5
6388,4
10878,5
2464,3
4248,1
1409,5
7269,3
7251,1
859,1
8434,5
8682,4
249,5
4408,3
4840,4
9256,3
6547,2
111,2
9876,1
6886,3
5023,5
1830,5
8271,5
5882,5
9163,1
1989,1
8207,4
8547,3
3952,1
2861,3
398,3
9378,4
10451,5
5302,3
9766,2
5936,3
8909,2
8697,4
2565,2
5366,4
738,2
1677,1
5874,2
5618,4
3280,3
2592,1
10708,1
6562,3
8814,2
10073,4
4427,1
5868,3
7958,2
6975,1
9962,2
4736,4
1226,3
5222,5
10493,3
6749,3
6,4
726,2
8849,5
7035,1
7802,3
6534,5
6446,1
10260,4
2091,4
3431,1
66,2
5622,3
9043,5
5152,1
6882,3
9206,2
954,1
2018,4
8949,1
5043,2
8466,2
4556,5
3998,3
6627,1
1294,3
1866,4
2694,1
8071,1
1776,1
10822,3
7250,1
1542,5
774,5
759,3
2666,2
7823,5
460,1
8227,4
6787,4
6887,3
8726,4
3021,1
4102,4
2111,2
2333,2
2477,2
6687,4
5339,1
9844,2
1759,4
3591,3
7656,5
46,4
1558,5
3332,1
6394,3
9309,1
639,4
9864,4
6774,2
10996,4
6203,5
8894,5
1002,3
3733,5
10646,2
6023,5
10130,1
7826,2
6157,4
2952,3
9281,2
3982,2
7032,2
4804,2
766,1
9990,2
2194,2
4534,5
438,5
10299,4
5946,3
10026,3
3401,5
7025,1
2962,5
204,5
1516,5
6523,3
1272,5
7107,1
4387,2
874,4
4165,3
6946,2
2014,4
5926,3
10536,3
8542,5
141,4
5251,4
3658,2
9655,3
5539,3
4549,5
7057,5
5160,2
5289,4
9373,2
865,1
1604,2
1389,3
9613,4
736,3
5902,5
9318,2
1700,3
855,2
2902,2
9290,2
1634,3
9952,4
6932,1
10418,3
229,3
6716,5
772,5
5867,1
599,1
2184,2
3494,4
4928,5
7419,5
341,2
4877,3
3056,4
3741,1
825,5
9582,5
9833,3
10200,1
6808,3
6188,4
9540,1
1737,1
5270,4
3254,4
8373,1
5881,4
3020,3
989,2
8505,1
2864,4
4383,3
9687,5
10319,3
2059,2
10297,3
775,1
8656,5
3325,1
10561,4
4329,2
10911,5
4328,4
4450,4
2373,2
861,2
335,1
9710,1
6482,2
2176,3
5372,1
9074,5
1463,3
5533,3
2168,1
7563,5
4771,4
1439,3
7538,1
4925,4
3530,2
6533,2
10083,1
2139,3
8015,4
4851,5
6445,3
6683,4
6109,5
3679,3
6763,2
6343,3
10421,3
6453,2
3670,2
2504,2
6232,3
1231,2
995,2
9366,3
8140,2
8664,3
3412,2
2070,4
1597,4
8917,5
765,2
9274,3
7126,1
9600,4
4041,5
6992,4
1167,1
9610,3
4129,4
2385,3
2949,5
4878,1
3407,2
4864,4
6883,5
5006,4
6459,3
5062,2
4810,4
1736,1
9354,4
7108,2
36,5
153,3
10286,2
6500,5
3743,2
4428,5
5358,3
657,1
3359,5
2623,1
7983,3
579,5
10042,4
2041,4
7571,1
6127,2
4497,4
1383,2
7133,3
10600,1
10876,3
10546,4
3182,3
8766,5
10295,5
8504,2
6520,3
973,4
4949,5
4255,3
3711,5
7599,3
10872,4
9591,1
9248,2
6960,1
2213,1
1832,4
9759,5
8228,4
1325,3
10633,1
2057,4
6276,5
3542,3
1459,4
1116,2
9589,4
1682,3
7089,3
593,2
3321,3
2329,2
1101,2
4897,3
8634,5
10162,1
2500,3
688,2
518,5
2728,4
5837,4
6582,2
2579,2
7177,1
8616,4
3190,3
10331,5
2939,1
2843,2
1218,4
10269,1
7106,4
5248,1
4883,1
9187,5
9113,4
8684,5
8532,1
4900,4
7755,3
3940,5
2989,1
4116,4
3512,1
6073,3
7200,5
228,2
2007,3
4071,3
1635,2
4382,2
10350,2
3040,2
6241,5
3566,5
9772,1
8143,3
3613,5
3337,2
3649,4
601,4
4365,2
7086,1
3091,3
7811,4
1398,3
8317,3
4857,5
9102,4
3418,4
9494,5
9372,5
10631,2
10973,2
334,2
7644,4
2603,5
178,3
4224,4
359,3
5888,2
3230,2
10761,1
9805,5
7924,4
8040,5
444,3
7657,2
2746,2
10129,5
5721,3
4300,4
7186,1
5401,3
7745,4
2870,3
8462,5
3442,4
10282,4
2742,3
10722,1
4095,2
198,3
10351,5
10740,3
3400,2
1416,3
9593,4
8533,4
2023,4
8467,4
9538,2
925,3
2466,1
8858,5
5438,4
3983,4
8485,1
8865,3
8899,1
8051,4
7096,1
4091,2
9406,1
10300,2
5984,5
8316,5
7621,4
8813,2
10963,5
9477,4
9900,2
1427,5
9614,1
10186,3
3300,1
8199,4
5321,4
5678,5
10,4
10327,2
7155,5
3338,4
110,1
6140,2
10699,4
4432,4
3784,3
8313,4
10256,2
7380,2
8525,1
9781,3
404,3
2992,5
1434,5
5109,3
2618,2
1965,4
8424,3
10087,1
2659,5
2389,4
9656,2
4827,2
5399,1
5773,5
1502,4
10559,5
8675,3
9822,3
2999,2
5331,1
210,1
10037,2
4344,3
3215,1
5758,1
2454,5
2859,3
6004,1
955,5
7650,4
9185,1
1240,5
728,2
6221,1
7456,4
6282,2
10833,5
9718,4
6782,2
6046,2
10046,2
1012,3
1078,5
4112,4
202,4
7408,2
4221,2
5000,3
4663,1
2928,3
2383,3
8926,2
4855,1
10671,1
1503,2
1840,3
842,2
1786,2
4267,1
9000,3
4360,5
1175,1
9037,5
5742,1
6658,2
40,1
1168,3
9271,1
8590,5
5241,4
2946,5
7592,1
2863,4
4866,3
440,5
2044,5
2300,1
4500,5
9182,3
7916,3
260,5
1200,2
4743,1
10917,1
1066,4
1742,4
3263,3
6487,3
1159,4
6144,5
9713,2
5376,4
1991,5
9708,5
3526,1
1221,5
9429,2
1192,4
8480,5
10022,1
3060,4
8502,1
382,4
3025,4
9998,3
1155,3
8588,1
3612,1
2073,1
7026,3
10251,1
8205,5
2924,2
6815,1
7887,3
7351,2
3697,1
675,4
6951,4
9194,2
5014,2
7952,5
5908,3
1228,1
7548,2
2460,3
8649,5
6156,4
1328,1
2961,3
6945,1
9753,5
10702,5
8545,4
9969,2
3607,5
5392,3
7244,1
399,1
10597,2
5577,1
1214,3
8844,5
3374,1
3395,5
3915,4
6532,5
1453,3
8902,3
173,2
9386,4
8924,1
5195,4
4560,1
5237,1
1261,1
2215,4
2639,5
5384,4
7371,4
3524,4
2453,5
10866,3
116,1
5002,2
4945,1
3229,1
5187,5
8315,5
1979,3
1698,4
7115,1
8952,3
6765,4
5182,1
1284,4
962,2
1446,5
8488,3
2004,4
10302,2
100,3
2577,1
8891,3
7344,4
7562,4
9267,2
4310,2
2265,4
3843,1
4109,1
10619,1
2295,2
3700,4
3457,5
3301,5
10467,1
3369,3
6672,5
5138,2
7383,4
3246,1
6981,4
4593,4
4684,3
1432,2
2642,3
5087,2
10953,1
2444,5
6266,1
2973,3
9561,1
5945,5
5315,1
6740,3
6423,3
5371,2
8003,3
8234,3
9595,5
7686,4
3456,4
2898,2
1589,2
7675,1
8680,1
4027,5
4177,5
8886,3
9353,3
7213,4
5957,5
6465,1
6364,4
5297,2
2741,2
1954,4
3353,5
7252,4
10962,1
3028,2
714,3
6554,2
2777,4
7931,3
8206,5
826,2
6639,5
7545,1
2479,1
4650,2
9300,2
9079,5
8764,1
1912,5
9111,2
1495,3
8000,2
2813,4
3774,2
2223,1
10285,2
2319,2
1144,1
10194,4
8320,5
7734,4
7049,4
3535,3
7788,1
2165,1
6920,3
1548,1
674,5
3039,4
2837,5
3023,4
358,1
1310,2
9691,5
5842,2
4622,1
8789,3
4120,3
5416,1
7006,1
10932,2
4212,5
8146,5
1633,2
5653,3
4220,5
8816,3
5703,5
7836,4
154,3
6015,2
10166,5
10883,4
9579,5
4454,1
2823,4
3101,2
10747,2
5463,4
8093,1
884,2
3885,3
2451,3
6042,5
6799,4
7100,4
5105,3
5771,2
8686,2
5206,5
6870,3
3492,2
9771,5
3781,1
4787,2
2599,1
3366,4
2305,3
109,1
5355,1
9023,3
942,4
1594,2
996,3
7995,1
9417,3
4740,1
6071,4
1601,1
1731,3
5356,4
442,3
6868,4
10987,3
5061,2
8215,3
8802,3
7760,1
8006,3
1351,5
3582,4
8278,1
2524,2
2951,2
4991,2
2299,1
5804,3
6110,2
6361,2
5207,3
3882,3
3548,5
10657,5
5841,3
3600,4
4780,5
7794,2
2838,5
1441,4
7683,3
9051,1
2783,2
531,4
4759,5
3514,4
5961,1
2555,5
7668,3
8345,4
4628,3
9164,2
5776,4
8887,4
6513,2
5461,4
1186,4
4435,3
9014,5
9630,1
459,2
2653,3
10210,5
5853,1
9158,1
8755,3
6138,1
261,3
10703,3
6890,3
4873,4
2337,4
9459,5
10072,4
9411,5
5736,5
1392,1
2795,2
5486,1
6370,3
9131,3
9819,5
6961,2
7324,1
9227,1
7597,4
5976,2
6649,3
2199,5
9519,2
10528,1
3208,1
3820,4
9971,3
2588,1
5459,4
8999,1
5208,1
9449,2
9997,5
5941,2
7453,5
2117,2
2095,4
370,3
7850,3
9911,5
5153,4
4068,4
2029,3
3929,4
856,4
9645,4
5220,3
6694,3
10092,1
5985,3
3284,1
7432,2
8312,1
8349,3
3307,3
2824,1
4259,5
8024,3
9468,4
2784,1
6549,1
1760,3
4030,2
701,2
8565,4
2807,2
5230,3
3676,2
1293,5
7507,2
5122,5
8123,5
5204,2
7005,5
9838,5
9608,3
9103,3
5766,1
3927,1
4636,2
8967,1
2241,1
5929,4
8551,3
314,2
7923,4
214,4
2181,3
9134,1
1223,1
8267,3
5396,3
7971,1
10676,4
7547,2
7731,4
2036,2
9592,3
4209,4
3466,3
3546,2
1036,3
10788,3
6032,3
2680,2
10683,3
6489,1
550,3
5704,1
4423,3
7707,3
2923,3
8041,2
3477,2
3212,5
2866,3
423,4
4203,5
9602,4
4237,1
4463,1
1133,2
6113,2
5340,1
9666,5
10674,4
9828,4
597,4
7276,2
9407,3
3969,5
1219,5
4036,4
7384,3
529,1
2733,5
5236,5
2882,1
8803,5
1930,4
3162,1
3990,3
9383,4
3928,3
1408,3
8221,5
1941,2
3316,5
2388,5
7612,2
7370,1
1996,1
7314,1
5558,3
3709,1
2189,1
5663,2
9840,4
5710,1
5571,1
5963,4
9338,1
1164,2
7894,4
119,1
3544,4
10649,5
1581,1
621,1
7791,1
414,1
3044,4
904,5
8285,3
9637,5
4356,3
10871,5
10537,4
7917,3
5245,4
2353,2
7773,1
7180,5
7418,4
6150,3
1720,1
3561,3
8038,3
10247,3
310,4
584,3
6387,1
9520,1
104,3
906,5
2144,5
8363,1
8793,5
505,1
7138,4
2405,2
9122,1
3373,4
10349,4
5104,5
2737,3
6324,5
3368,2
3048,3
9208,3
10318,5
5792,1
2747,3
9415,4
7568,3
5609,4
2384,5
8116,4
9928,1
2406,5
10795,3
6002,4
8428,1
1693,1
1171,1
7860,2
10003,5
1630,2
8531,2
10582,3
8469,5
10317,2
3899,5
3107,5
456,3
6737,3
2511,1
948,3
939,1
1870,1
10938,2
9207,2
6772,5
7135,4
9036,1
4373,5
10008,3
901,3
1963,3
2571,5
3598,4
9734,5
4681,4
158,5
10500,1
4521,3
5950,4
727,3
4092,1
1959,5
7558,4
1273,5
8591,4
704,1
10813,3
4089,3
6594,2
201,3
10928,5
7390,5
1574,3
6764,4
3668,1
2955,3
4258,4
8706,3
7045,4
6802,2
8486,4
1367,3
8423,5
7296,5
9188,5
9515,1
6290,5
2439,1
4176,3
5026,3
413,1
10946,2
6100,3
6437,1
2418,2
3872,2
5628,4
677,4
4728,3
6170,1
1622,1
5148,3
3092,1
3116,5
4191,3
10338,3
3126,1
8367,3
3051,3
2788,5
5311,1
4601,2
10867,3
6861,4
4143,4
2502,4
1839,2
9345,1
4541,2
9209,3
4012,2
4111,5
5398,3
3938,5
8008,2
8464,3
9679,2
4375,5
3197,5
3027,1
9942,4
3936,5
7167,3
6234,4
227,2
9808,5
5729,5
1517,2
7873,1
8863,2
7017,5
2604,3
4578,4
523,1
9531,1
284,5
5702,4
3778,2
6008,1
8951,5
10957,3
8420,3
2243,3
10685,5
3596,2
9028,3
4434,3
2957,2
3540,5
10728,2
8479,2
7417,5
7082,5
4410,5
10208,2
10791,2
8308,1
5662,2
7343,2
540,3
6295,3
6195,3
4669,4
5369,2
3814,4
8585,4
4569,5
8457,2
1406,1
9527,1
10945,2
5451,4
9785,1
9140,1
7946,5
6379,3
5860,3
1836,1
6584,1
3177,1
4200,2
7681,3
8725,2
5360,3
9949,3
10693,3
388,3
3032,2
3772,5
9599,1
9814,4
7729,4
7654,4
1598,5
2781,4
4514,1
1438,4
9046,4
6688,1
1429,5
6689,4
6470,5
10548,4
2850,3
8859,1
4655,2
6826,4
428,2
5597,2
660,1
898,5
6647,2
2103,1
5875,3
8096,2
10720,3
6938,4
1694,1
3763,4
1298,5
2314,2
6583,2
8014,1
4334,2
4084,3
7651,2
7233,2
8030,5
7494,5
9398,3
4411,4
5871,2
6484,5
5268,2
4611,4
7567,1
4745,2
298,2
5305,2
8098,2
8740,5
5848,4
9347,5
4033,5
9650,1
8214,5
6512,5
8979,3
8083,4
5170,1
4164,4
450,4
5906,5
649,4
5115,2
5828,3
5789,4
8141,5
6691,1
5531,1
1241,5
8767,4
6679,4
1541,5
6602,5
2302,2
255,2
6418,1
4060,5
9798,5
8986,3
2409,2
10393,5
548,4
10691,4
3319,4
10880,4
10998,5
8790,3
5063,2
8376,5
5897,4
5291,4
10250,2
6724,1
7482,2
3386,1
3490,1
10908,1
3645,1
5121,1
997,5
8677,5
9980,3
3439,5
5262,4
9029,3
2785,3
3677,1
8911,5
7720,1
9228,5
10213,1
5102,4
1264,3
1914,2
2027,5
8246,2
5052,1
10595,5
2654,5
5857,3
1348,5
2472,5
1332,5
4995,4
7515,5
9985,4
6044,3
3618,5
3877,3
1492,1
9425,5
10111,4
1114,2
8666,5
9902,5
6245,5
807,4
4922,1
8631,3
7622,5
4646,1
6994,3
6318,3
4689,3
10705,4
4406,3
6819,5
6510,2
7218,5
2068,4
5745,3
131,4
4470,5
1803,4
2035,2
10572,1
3666,4
4685,3
3896,1
1108,4
4401,3
10310,4
9887,2
7970,1
7616,5
9558,5
7468,1
2211,2
6877,2
8262,1
8179,3
10915,4
4103,3
1934,4
4059,3
9857,5
6644,3
10580,1
3980,3
9789,5
6357,1
4606,1
5090,4
5645,3
10007,3
10177,3
3168,1
7728,2
8791,2
5535,1
8842,1
9350,4
2895,5
5634,4
7835,5
10709,1
6084,1
3318,2
9344,1
8892,2
5620,2
6164,5
8932,3
6979,5
7965,4
9034,1
8642,5
8240,4
4987,4
1560,3
707,3
5541,4
647,2
8399,1
2316,5
1329,1
5977,2
2537,4
5699,1
7942,4
1964,5
4292,2
3944,5
2085,2
6433,4
7485,2
6568,2
4923,5
10523,4
8733,5
8660,2
7767,4
3837,5
1350,1
1339,2
6756,3
4369,5
252,1
3090,2
1364,4
9204,3
10458,4
6839,5
1973,1
2416,1
8463,1
10952,1
2595,2
724,3
6552,4
3810,3
3855,3
7646,5
1194,1
6199,2
9119,1
9986,5
4657,1
4932,1
4100,1
3282,4
9298,2
125,3
10802,5
6471,4
118,5
2062,3
9093,5
9914,2
5772,4
1687,1
47,1
3911,3
1456,5
5097,4
366,4
3074,2
10929,4
7401,4
2913,1
8869,4
10452,5
84,5
3030,4
367,3
843,4
4513,4
7271,2
8057,3
7578,4
10211,3
5534,1
1907,5
4531,1
10278,3
4376,2
9809,4
4562,4
6189,4
10201,4
1819,3
8296,2
3581,3
6850,3
4599,3
729,1
4988,5
5514,3
8947,4
4372,3
9418,4
7102,2
5949,3
9348,2
7947,1
6742,2
3730,3
4240,1
2700,5
3114,2
6119,1
6758,5
1038,3
2786,5
2738,4
7182,4
2141,3
2475,3
7759,5
10191,3
10839,3
2358,2
6546,3
10656,5
3225,4
3770,5
3436,3
10637,4
2028,4
8783,5
6636,1
10174,4
994,1
7433,4
1022,4
3156,5
10837,4
10588,1
1793,1
2880,2
2703,4
8254,4
2714,4
1346,4
10939,4
9706,3
1138,5
508,5
2591,5
7315,5
8558,1
1738,5
7857,2
26,1
8492,5
5987,1
9154,5
10827,5
3453,3
10335,1
3201,5
9060,2
9455,2
1727,4
8781,2
7972,3
5613,5
9786,4
1428,2
10784,3
7877,5
2660,4
9891,4
10828,3
9214,2
6326,5
8076,4
9901,5
6497,2
3210,2
237,2
10930,4
8365,1
2937,2
10460,2
10139,5
4744,1
9266,3
9490,1
379,2
683,5
1822,3
10907,1
7239,5
5010,3
9491,5
9916,2
5583,4
5646,4
938,3
963,5
5895,5
9846,5
357,3
9467,4
3800,4
8169,4
8991,4
3289,5
9791,1
6293,2
8494,2
8429,2
5559,1
2692,2
1417,3
4460,5
3098,4
10312,5
3723,2
4352,1
10660,1
7356,1
10203,1
1640,2
2624,4
10060,1
834,4
605,4
7402,3
8730,3
6762,1
5823,5
4314,1
3409,4
7272,2
6308,5
7136,4
4539,4
3964,1
974,3
2159,4
3331,4
8580,2
3955,1
6012,4
3079,1
9139,5
7550,3
6906,5
10016,5
2536,4
4105,2
10165,5
2137,3
5586,2
312,3
8648,5
3220,1
82,4
7673,5
10043,2
3240,5
8375,2
10207,1
3876,4
4137,3
1559,1
6139,5
1470,3
4190,5
3049,4
6171,5
1402,4
3853,3
3657,2
6604,3
3149,3
7678,2
7159,4
8011,3
2556,3
10374,1
9109,4
3835,5
4379,1
10142,5
5096,3
7959,4
3511,2
3089,5
10274,5
10988,3
8578,5
2855,1
10801,3
10675,3
9180,3
4130,3
10229,3
449,3
10968,4
7542,3
6300,4
277,4
9751,3
4076,2
7744,3
6566,4
9232,3
4044,1
8229,2
1336,1
9979,2
2346,2
3573,4
2289,1
8453,3
1093,5
2852,4
9040,1
9647,1
1835,2
5960,1
165,3
10121,3
720,3
3462,4
6090,2
412,3
1676,4
9486,5
4959,5
7517,1
10919,1
5722,3
7221,1
9264,3
9047,2
1250,4
5693,3
6197,2
10686,4
9332,4
7500,2
6248,2
5130,5
3042,5
9817,4
6043,2
4665,4
3435,4
9849,1
320,4
3132,5
9888,2
7481,5
2816,2
3472,4
7784,2
1590,1
10324,1
2647,1
2762,1
5362,2
112,3
6587,1
4805,5
77,3
321,5
2574,1
8847,3
6204,4
3779,1
7164,4
10442,3
2582,4
7519,4
4993,5
7870,4
9115,4
6412,2
10187,2
3274,5
10667,3
4346,4
8942,1
2226,3
2214,2
5184,2
8754,4
7037,1
9166,4
4666,5
8147,3
2344,3
9749,5
5118,2
10253,1
6434,2
7118,5
4598,1
6060,3
10116,5
9787,1
2613,2
4990,3
2711,2
799,5
3912,4
1132,3
1987,3
9913,2
10195,3
5276,5
9745,2
6785,3
9736,2
10614,5
7198,4
4529,5
10886,2
6382,1
7237,1
4307,5
9065,2
9351,1
3470,5
8456,5
1020,4
2811,4
8936,3
3346,5
8973,1
9061,2
9575,5
3086,2
4994,3
9827,4
8736,4
1757,3
6346,3
1079,4
3241,4
2236,2
4185,5
10000,1
6420,5
8180,1
9539,4
4019,5
1751,4
2205,2
4800,1
943,2
9062,4
4318,4
2315,5
6610,4
10575,3
5509,4
5526,5
9220,3
5761,3
10790,4
8694,5
2584,2
3211,5
10290,1
8039,1
1610,4
6900,5
4940,5
6303,5
10261,1
10816,3
10979,2
3305,1
2930,4
1352,1
291,1
1691,2
7890,2
8970,5
3382,4
5078,3
3344,4
9906,2
1883,5
6678,5
2675,2
2696,2
3370,5
9858,3
5214,2
4151,4
9676,2
10742,3
3727,4
5197,1
6783,2
7346,2
3935,1
8182,5
5076,5
4739,5
140,4
4595,2
798,3
2045,3
1099,3
246,3
290,4
9707,2
10509,4
6469,3
1003,3
5286,5
7763,4
2721,4
5937,3
5107,1
2304,2
10627,5
9327,3
5762,3
356,4
1511,4
1238,5
2232,4
10242,2
1421,5
2426,5
5759,5
3361,2
2960,4
3363,2
3720,5
9099,5
6011,1
5274,5
8884,4
10192,1
8878,1
4737,1
3207,4
7905,2
4522,1
4330,2
6660,1
31,3
6408,4
3352,3
6948,4
6258,1
5135,4
7980,4
1042,1
4637,4
1094,1
10070,1
9684,1
1781,4
2049,4
1906,1
6838,3
57,3
4536,2
5313,2
3543,5
8437,1
9026,4
7799,5
10389,5
415,2
6329,3
2542,5
6560,5
4679,5
3550,1
8722,4
8359,3
8582,5
10063,3
6947,1
2340,4
4544,4
5234,5
4087,5
10603,4
1749,1
5685,3
953,1
7450,4
10454,5
4319,5
3888,3
10926,3
2231,3
7087,3
8510,1
1252,5
1102,1
6466,3
8592,1
4835,4
3164,4
1990,3
5865,5
1032,4
10230,3
892,1
8519,1
5260,5
7532,1
3879,2
240,5
6476,2
3527,5
3642,4
9586,5
10976,2
5143,2
8577,4
2218,2
3893,4
98,5
2440,3
3112,5
3006,4
5179,5
10478,1
10095,5
4574,2
10610,1
6474,1
4127,2
8288,4
1748,1
9342,2
409,5
10550,3
2884,3
9682,5
926,1
10288,5
10246,1
4937,4
6121,5
2196,2
4189,1
831,5
2254,4
1263,4
9287,5
6085,5
4954,4
2910,2
3378,2
10604,2
1326,1
10951,2
7493,3
4934,4
2825,3
3047,3
4418,1
10524,5
5089,4
7423,2
1465,3
7173,4
1382,2
10682,2
1608,1
1902,5
336,1
6187,2
6347,4
8323,1
6468,5
6147,1
4113,1
1623,4
4795,4
2468,2
6641,5
6669,1
3176,2
7440,1
3367,1
671,3
753,1
9038,1
2121,4
4397,2
5250,2
3865,4
5225,1
9756,1
762,5
9761,3
6656,2
7098,5
8045,1
432,4
92,4
10252,1
7362,3
6836,3
6824,3
1657,5
9097,2
498,5
1981,2
6020,4
631,2
10071,4
4347,5
9542,1
5791,1
5415,5
8063,2
2710,1
7803,1
10271,3
1064,2
6499,1
5733,2
5159,2
9659,5
4081,2
5379,5
6307,3
6933,5
7327,3
9346,2
7330,1
2256,4
3419,5
650,4
10775,3
4054,3
888,5
1188,5
126,5
4911,4
7845,1
3848,4
2646,3
5981,2
8440,3
7579,3
849,2
2371,5
9360,2
8104,2
10197,5
323,1
6462,2
7944,1
4821,5
1163,2
9201,5
8139,3
7157,2
3217,1
837,2
999,3
5499,4
10612,2
4037,5
5210,4
4532,5
8800,3
5919,3
5840,2
386,1
6541,4
992,3
7502,1
10441,4
5346,1
390,1
9559,3
5387,2
9934,4
8398,5
9752,3
10021,5
1117,4
9132,5
7604,5
4966,1
6162,2
6440,4
9724,1
1644,2
6931,2
5484,5
10673,2
143,1
3397,4
3050,5
6250,3
2622,3
567,2
7003,5
10949,4
10329,2
6977,2
10557,2
1888,2
2578,4
433,2
931,2
6261,1
6572,5
10692,4
2031,2
7435,5
8629,4
10416,2
9964,2
9002,1
5024,2
4591,1
10160,1
1923,1
2661,1
7694,5
620,5
7141,3
4051,3
2827,2
549,4
4295,5
2787,4
7464,5
5219,5
562,2
5058,4
3295,5
1765,2
9622,2
4046,5
9144,3
10450,1
3795,5
2679,1
9834,4
471,3
10593,5
7120,4
823,3
6619,3
7697,2
1617,2
7585,5
4404,4
3939,5
661,3
4032,5
150,4
6542,5
1137,5
6305,1
10172,2
7679,1
6904,5
6613,1
8054,1
3013,4
10332,4
967,3
1067,5
1344,4
9495,3
8085,1
6304,5
56,3
3245,4
5299,3
5909,1
4157,1
5844,4
4597,4
2182,4
9179,3
4409,4
10178,4
2906,3
9966,5
9162,3
5085,3
10366,3
10552,1
5825,4
7053,5
5091,4
3499,2
5612,1
4014,1
2467,1
9019,1
8410,3
6543,1
3894,3
3745,1
9820,2
10483,2
63,1
1050,4
1285,2
5280,5
9978,1
8638,3
8779,2
1890,4
3464,5
5083,4
6743,3
308,2
4186,4
6342,1
1933,2
151,3
4118,5
70,1
230,1
1222,3
8804,5
7226,1
10409,2
9635,3
4141,3
8390,1
4099,1
8777,2
2978,5
5460,3
4351,4
9571,1
8448,1
9620,4
8965,5
8848,3
6273,5
9983,2
4784,5
4589,5
900,5
5659,1
5629,4
7531,4
8337,4
3396,4
3136,3
7727,2
1733,3
5029,5
8652,2
9055,3
10006,4
1301,4
1410,4
4723,3
2399,2
3355,4
1424,5
4083,4
1515,4
6603,3
6751,5
8327,4
6454,5
7317,5
6056,4
7077,1
1173,3
5203,4
4980,1
4538,1
231,4
4321,3
3314,4
4976,5
9086,3
2240,3
7659,5
4226,1
6339,1
8001,2
10757,4
3111,4
10814,1
2245,3
3486,4
4441,4
3106,2
9368,3
8346,4
5608,4
113,2
539,4
10931,3
4175,2
3437,4
2908,4
5287,1
3265,2
2570,3
751,3
3531,1
9464,2
4166,2
2172,3
2271,1
9732,5
640,4
4276,3
2197,3
9454,1
7645,2
268,5
10133,1
6984,4
3639,2
10280,3
8419,1
2665,1
1666,5
122,2
2425,1
1011,5
1031,2
8630,1
9549,3
2212,1
6354,4
1975,1
503,2
4543,5
3297,3
10238,5
4941,2
120,2
7520,5
7655,3
3088,2
4587,1
1697,2
4969,3
8009,4
7350,2
3010,3
3854,1
6825,3
5718,3
1800,1
1940,5
638,2
1798,1
9498,4
8068,3
10940,1
3108,3
4523,1
8244,1
2008,2
8441,1
9424,5
5631,2
5845,1
9658,4
5228,1
4910,1
10024,1
850,2
4792,3
10114,2
10984,1
8187,1
10602,2
10305,4
7772,3
3447,2
5227,1
3467,1
873,4
4550,3
4796,2
2959,4
10849,4
8276,2
1925,2
9114,1
10825,4
8044,1
1414,5
4818,3
8197,5
9770,2
8963,2
7051,5
9936,5
263,2
10287,3
2515,3
7266,5
6141,1
2048,2
6735,4
9943,2
2799,3
8883,3
3961,1
6528,5
9673,3
6798,3
5129,1
2225,1
10941,1
1190,3
569,5
6922,1
5211,2
2118,2
8243,4
7009,3
6752,4
588,1
8198,2
2012,4
2717,5
7318,2
1236,1
3239,2
589,2
8627,2
8377,3
1653,3
526,1
6858,1
10787,2
8535,5
10750,5
815,2
6714,2
6809,1
1855,5
7516,4
4430,1
3059,5
7134,1
9447,5
10935,2
1881,1
6158,5
4402,2
2282,1
7294,5
2975,1
7002,1
2171,4
5782,1
6224,2
8980,3
1567,1
8903,5
9665,5
7785,3
3797,2
10700,5
2050,4
8830,5
1740,3
5496,2
2163,5
9601,1
5879,3
9057,5
9221,3
5905,5
2032,4
985,1
3957,3
3227,3
5633,4
4064,1
8974,2
5537,4
7358,1
5205,5
4453,4
377,3
6166,3
3429,5
8372,2
779,4
5542,4
6475,2
3647,2
2114,1
10780,4
8945,1
7361,3
2000,3
6723,4
10826,5
9797,4
4924,4
1174,3
8695,1
4974,4
1896,3
1461,4
7974,5
3949,5
5081,4
8655,1
10654,1
2782,4
6457,3
9457,4
7693,1
5785,1
8482,4
1898,2
5933,1
7748,2
4845,3
4848,1
7964,1
8270,3
5912,1
10551,3
10942,1
4303,3
5755,1
7977,1
4605,2
2527,5
8386,4
10392,2
10806,3
2853,4
431,2
10113,5
10943,3
10127,5
7658,3
6461,1
3005,2
5330,2
4812,4
5582,4
3841,1
8975,5
4798,1
9363,1
6538,3
3441,2
10518,2
7389,1
682,4
1140,1
1370,3
2554,5
4254,3
7842,3
445,4
3652,4
1353,2
7431,2
7526,3
9701,5
7808,2
9073,1
5462,2
5295,4
6726,1
510,2
7581,4
8447,3
4394,3
6155,5
8222,2
6590,4
10714,4
7125,2
7600,3
2893,1
10877,4
10125,1
6592,4
4331,5
2998,1
2183,2
4074,3
7546,5
2871,5
1573,3
4872,4
951,4
2559,3
429,1
9238,3
961,3
5617,4
5851,5
6722,4
5920,5
723,4
9991,1
4824,1
349,1
2971,3
652,2
7687,4
919,2
5554,1
8572,4
10341,5
4462,4
179,5
5927,2
6072,4
4968,3
9884,1
7690,4
10086,3
8728,4
7333,4
4776,5
2187,5
10395,2
3748,4
10205,2
9087,3
7777,3
1876,4
10050,2
626,2
8606,1
8088,2
1292,5
4029,1
5428,2
7692,2
5279,3
9146,3
9316,5
1956,1
10448,4
10098,2
5967,3
9100,1
5374,1
3264,5
6703,2
8609,2
4659,3
6105,5
8449,5
10556,1
6066,1
4825,4
3686,2
4282,1
10047,4
8445,5
83,5
9960,5
7611,2
7363,4
6963,1
6747,2
8992,5
7891,4
206,2
1085,1
8239,2
5146,4
2495,5
9151,2
2745,4
9094,3
2309,2
2096,1
2255,3
10245,5
338,5
5672,4
3880,2
4301,2
8079,3
10334,3
8927,3
8569,5
7950,2
9648,3
628,1
9867,3
10652,2
7966,4
8929,3
9293,1
7573,5
5684,1
2493,5
2865,1
1997,2
2442,3
10581,2
4999,3
6452,4
6352,2
2875,3
2687,4
2498,5
20,3
7295,3
6591,2
1525,2
1650,2
10752,1
1868,3
502,4
9544,3
519,1
6399,2
9005,3
4204,5
7302,4
3597,5
7466,4
10841,5
5958,3
5975,1
1086,2
8613,1
980,4
3192,5
8344,1
7259,4
6108,5
6491,4
7131,5
3702,3
5491,4
5916,4
4201,4
1026,1
9843,4
5426,4
785,3
4699,4
8160,3
2136,3
6328,5
9869,1
8473,2
1083,1
4602,3
7039,3
3918,1
3471,4
10832,1
3817,4
7097,1
4540,2
6926,4
10190,5
1506,3
10396,4
107,5
2387,4
667,1
8164,3
625,2
9410,4
2735,1
6148,5
8370,3
5015,3
10301,1
8870,3
239,3
5068,2
10807,5
6017,3
7457,5
8289,5
2569,2
6301,3
9545,3
7652,1
1929,5
716,3
5032,5
5520,5
4746,3
6244,2
9173,2
247,4
852,2
2505,4
7591,2
3272,4
3480,1
10817,3
3330,3
1768,3
1927,2
1035,5
1180,2
9837,5
6024,3
2001,3
10157,5
9612,3
8820,2
744,4
7667,2
2076,4
9480,5
5692,1
10378,4
3275,5
4786,4
4577,4
4545,1
10980,4
4520,4
4196,3
8293,5
1593,2
3155,4
10629,5
8110,5
8176,4
2648,1
170,3
2080,4
8603,5
806,1
7444,1
9780,3
6585,2
1901,2
10352,2
5293,1
4750,4
9416,4
5132,4
10410,3
8637,1
4992,2
1142,3
235,2
6483,1
7113,5
8882,5
7063,3
3592,2
1341,3
381,2
2471,2
1953,4
8716,5
8433,2
6927,4
2191,2
5516,2
4726,2
1756,1
9774,4
8626,3
3187,5
6693,5
9746,5
2797,1
7660,4
10512,5
1894,2
5687,2
3348,1
6045,2
8275,4
10770,1
6967,1
3152,2
5880,5
8360,2
191,5
6061,5
5621,3
2253,5
9968,3
6529,3
4860,1
5675,4
7075,3
5838,2
3734,5
7301,2
7231,3
7437,2
1900,4
1330,1
7257,5
8115,1
10123,2
793,3
6909,4
1106,3
5382,3
10506,5
6057,5
8770,4
9110,1
7915,1
10137,5
9329,4
9147,3
6363,2
8540,4
6623,4
10097,4
8249,1
2669,1
3286,5
10105,5
289,2
1338,3
747,4
7583,2
10272,4
8953,2
10774,1
6879,2
4892,1
3798,1
9629,5
5551,5
4741,5
2601,2
330,4
3231,3
2892,2
5854,2
2748,4
3315,1
5988,2
1699,2
8718,1
1148,1
8977,4
1877,2
10543,5
5928,2
545,1
10642,3
7093,3
10326,1
10357,4
1433,2
8997,2
5275,2
4395,3
6997,2
8831,5
5578,5
3066,4
7448,5
3945,4
6558,5
5948,2
5494,2
2981,1
7620,3
4710,2
9272,1
9247,3
8969,3
9972,1
6633,3
9012,2
9224,1
6235,4
4149,1
1480,1
1129,3
5555,1
3513,2
3517,5
9202,5
3794,1
3529,5
3336,4
940,1
4273,2
814,4
8261,2
1053,2
10803,2
4946,2
4696,5
6373,5
496,2
10566,4
10461,4
9159,3
3643,5
3698,5
4398,3
331,3
6885,3
10609,4
3496,3
1123,5
9703,3
3065,3
7484,2
2310,3
4194,5
2948,2
3906,4
3788,3
2269,1
4585,4
2821,1
2106,1
3093,1
7637,4
8752,1
2840,4
5784,2
251,2
6184,5
4211,3
4735,4
15,3
8778,3
4069,1
9297,3
2611,4
6671,5
1583,5
7781,1
9370,3
8333,1
702,4
3247,4
6790,4
8256,3
8371,4
1477,3
4715,3
6980,1
1510,4
1048,2
7255,1
3328,5
8751,1
7555,4
7062,2
6863,3
5326,1
2415,2
2260,2
4385,3
4640,4
3408,2
10106,2
4570,5
10476,2
757,1
2933,3
339,4
2770,4
3767,4
4613,2
8594,4
4829,2
1620,1
1674,3
8335,4
7335,1
559,2
489,3
7662,3
9879,3
3846,4
8251,3
8059,2
878,1
8184,4
4107,5
2586,4
6557,2
3916,4
2122,4
9764,5
6728,3
1110,1
3260,5
8025,3
9607,1
1146,5
4384,3
1437,3
7786,4
1318,3
5365,4
604,3
8681,3
764,4
7099,4
1425,2
9473,1
4843,5
7837,5
6192,4
6851,1
5991,1
1306,3
3986,2
6617,4
472,2
10854,5
1415,3
9133,1
5726,4
5418,5
6791,2
4349,4
6294,5
1394,2
3908,2
7665,4
763,3
8957,3
10891,3
6874,5
8785,1
7000,5
10677,2
2153,5
1913,3
2800,5
2822,5
3135,5
24,5
8933,3
6026,1
7843,5
163,2
8826,3
8556,4
8546,5
5425,4
2447,5
2209,4
1488,3
4439,4
8389,1
5271,4
1775,5
4332,1
5141,5
3569,4
922,1
4073,1
95,3
2233,4
4668,2
6674,3
7733,3
7639,3
1356,5
4705,4
10579,2
30,4
5373,3
10545,1
2791,4
257,2
7366,3
7313,4
7241,5
7068,3
2169,1
2947,2
1852,5
6780,5
6897,2
4047,3
7080,1
8632,1
6122,4
5123,4
4316,2
9165,2
6093,2
9191,3
9442,4
327,4
2744,4
7297,5
8581,4
9291,1
226,3
6054,4
5750,4
4207,5
1867,3
9886,3
9301,5
203,3
7041,1
613,5
9782,4
9497,3
3134,4
6089,1
1475,3
4473,1
10535,1
2539,5
3701,1
1004,2
5843,5
9699,3
4557,2
9743,4
4457,3
6730,5
1045,5
9526,2
7425,2
8209,3
6336,4
2198,2
372,5
8735,3
3687,1
7818,2
1513,5
1915,2
10741,3
474,3
6999,3
10605,2
4050,3
1619,1
6940,5
9803,4
10360,3
4610,3
5527,2
591,3
6925,4
6637,4
1744,1
10947,1
299,3
4708,1
7365,5
2298,5
2402,2
483,2
9619,5
5003,5
7427,5
6449,2
7146,4
238,3
8394,4
6966,3
10508,2
5989,2
10156,4
10394,1
1667,5
2790,5
4982,3
10354,1
7897,4
5071,5
7967,1
7258,5
2258,2
5411,4
10974,2
869,1
9566,1
935,2
10539,1
3223,4
4573,4
9738,1
5996,5
1118,2
2720,3
9717,5
2307,1
10112,3
9909,2
2936,4
630,1
1060,3
10889,5
1025,4
3022,2
6814,3
5304,5
1024,2
3113,5
144,1
7708,4
6473,4
9226,2
6563,1
5240,3
1817,1
3309,3
7357,4
5611,5
7248,4
6913,5
2753,5
408,2
1372,5
1966,1
5158,3
6750,4
9731,5
2545,5
8299,1
1309,3
1993,3
3153,2
10365,4
8662,5
741,4
4853,2
4342,1
1229,2
8241,5
6351,2
577,2
10753,5
67,3
2558,3
7901,2
2390,2
4895,3
758,5
5281,2
10241,3
2355,3
9729,1
1251,1
7824,2
9723,2
8032,2
644,4
7698,4
3755,2
4101,5
2983,3
3375,2
7374,2
7321,2
619,5
2686,2
1305,1
8984,1
2663,4
7602,3
8,4
10273,4
121,3
3394,5
8702,3
3279,2
4505,4
1136,5
9946,3
2810,2
1440,2
2969,4
9958,2
7116,3
3870,2
5406,3
4484,5
7798,4
5445,5
9349,5
7021,2
464,2
3974,1
6415,4
5970,5
2288,4
8972,5
9121,3
10488,1
10608,1
7459,5
8186,2
1797,4
7477,2
2530,1
1772,3
952,5
9957,4
8678,1
8873,1
9400,4
7884,1
6804,4
10836,4
5094,3
3310,5
2352,5
9981,2
8425,1
829,4
5548,4
8639,3
1646,4
840,1
6844,3
9336,4
48,4
8964,1
5944,5
5327,2
