,On_time
8077,1
4688,0
10754,0
3390,1
693,1
5741,1
5186,0
606,1
1799,1
6065,0
5872,0
10624,0
1935,1
2394,1
1454,1
3290,1
3979,0
5247,0
3127,1
8279,0
6391,0
5602,1
1726,1
5092,0
236,1
7594,1
436,1
9631,1
8541,0
7289,0
7544,1
2593,1
2927,1
3038,1
10171,0
6049,1
9812,0
5697,1
329,1
5423,1
5194,0
9859,1
8152,0
1833,1
8113,0
7878,0
6578,0
2110,1
1947,1
947,1
7151,1
6028,1
10716,0
7743,1
6685,1
10018,0
3235,1
3933,1
5344,1
10534,0
8257,0
9664,0
8238,1
5273,0
6330,1
10835,0
1390,1
4312,0
2476,1
8563,0
6035,0
6369,1
3875,0
5314,1
475,1
7700,1
5483,0
7071,0
3011,1
2758,1
7617,1
265,1
10772,1
5786,1
5505,1
10712,0
5075,0
4507,1
1431,1
4621,1
10563,1
4782,1
4065,0
6894,1
5696,1
1359,1
1566,1
8247,1
6115,0
1450,1
6823,0
306,1
8832,1
4239,1
10655,1
8922,1
730,1
8987,0
10955,0
3891,0
1658,1
1076,1
454,1
7064,0
10117,0
319,1
2862,1
10339,1
6565,1
3866,0
8314,1
5752,1
1468,1
1072,1
9299,0
1551,1
5272,0
3326,0
9199,1
5606,0
5585,0
10104,0
9624,1
2979,1
7775,1
10348,0
4007,1
10231,1
5446,0
3626,1
5707,0
10475,1
8699,0
7422,0
7771,0
3103,1
3507,0
1469,1
2017,1
4769,0
3287,0
1654,1
3340,1
6896,1
3491,0
1049,1
4678,0
511,1
8336,1
16,1
5562,0
4183,0
4324,1
9877,0
3175,1
10240,1
10031,0
4270,1
3735,0
187,1
6201,0
9193,0
7065,0
3505,0
634,1
7989,0
10424,1
273,1
2022,1
9915,0
4077,1
8553,0
9066,1
10039,1
8310,0
10641,0
5064,0
1161,1
8605,0
3663,0
2761,1
9326,0
4260,0
8575,0
7543,1
5914,0
9783,0
3045,1
822,1
2369,1
10013,0
3603,0
1994,1
9831,0
242,1
6878,1
1908,1
3360,1
6078,0
10513,0
1696,1
7012,0
3510,0
2483,1
2573,1
4859,1
2752,1
9431,1
4635,0
9899,1
3883,1
2794,1
4638,1
4502,0
7445,0
2123,1
618,1
4778,1
864,1
8562,1
6237,0
5647,1
10815,1
1464,1
3222,0
1246,1
7191,1
9897,0
10199,1
2025,1
8090,0
4527,1
139,1
5674,0
10401,1
6288,0
38,1
3329,0
225,1
4485,1
6717,0
788,1
2625,1
1982,1
7866,1
9276,0
4882,0
7725,1
8417,0
8993,0
1539,1
6447,0
7428,0
9944,1
7556,1
5665,1
8095,0
6154,0
3691,1
10362,0
6337,1
6935,0
8976,0
8851,0
6398,1
10485,1
6315,1
706,1
5644,1
2150,1
4431,1
1766,1
8435,0
9412,0
3963,0
6383,0
6083,0
10496,1
5348,0
3836,0
3109,1
2651,1
6795,0
8353,0
3018,1
10399,0
159,1
8047,0
6402,0
8876,0
3905,1
8396,0
10004,0
3311,0
4251,1
3560,1
1713,1
3001,1
7848,1
2219,1
4777,1
3712,1
6654,1
9802,0
2317,1
3342,1
6872,0
9405,0
7392,1
9008,0
5911,0
6377,1
8339,1
3035,1
5811,1
4362,0
3919,1
3989,0
4188,1
1854,1
6291,0
10830,0
9286,1
558,1
9058,1
3738,0
3538,1
4963,1
10620,1
6643,0
8534,1
2854,1
3014,1
2280,1
8037,1
7160,1
4568,0
2146,1
871,1
7004,1
4443,1
6600,0
3823,1
8013,0
5224,0
3482,0
9049,1
7436,0
8723,0
1037,1
9721,1
9365,0
3389,1
10779,0
5917,0
5320,0
3552,0
2963,1
5942,0
3960,0
9319,0
8860,1
5802,0
2278,1
6852,1
590,1
2378,1
2754,1
8208,0
3620,1
4899,1
8191,0
10522,1
5386,0
10823,1
10719,0
3125,1
5332,0
5824,1
421,1
1147,1
9564,0
1243,1
3234,1
4817,0
2706,1
776,1
5017,1
9244,1
3506,1
2115,1
6698,0
9243,1
810,1
3574,0
1270,1
1791,1
5894,1
7560,1
4588,1
5839,1
8282,0
5441,0
3991,0
10991,1
1865,1
8900,1
7085,0
318,1
10276,1
2491,1
9841,0
4998,1
10061,0
208,1
5055,1
8838,0
439,1
2534,1
326,1
9252,0
10292,0
5878,0
9555,0
4730,0
10573,1
7014,0
9222,1
7830,1
7540,1
7610,0
4184,1
4642,1
1006,1
4290,1
7863,1
7534,1
4616,0
9672,0
3458,0
4623,1
1661,1
5334,0
8290,0
6608,0
2430,1
5884,0
9259,0
500,1
3078,1
1092,1
7605,0
10138,1
1189,1
9982,1
8491,1
5809,0
603,1
5421,0
7283,0
10434,0
6263,1
4555,0
2546,1
6213,1
4600,1
2272,1
350,1
7185,1
2060,1
8579,0
7256,0
5808,0
4907,1
1366,1
10356,0
427,1
10358,0
395,1
5397,0
10533,0
4377,0
8236,0
6666,1
2915,1
1863,1
6425,0
7991,1
6677,1
8518,0
6908,0
217,1
10767,0
10053,0
4049,1
4015,1
8144,0
8477,0
9940,0
2552,1
5259,1
7219,1
5656,0
283,1
1157,1
5439,0
6928,1
2941,1
6421,1
2308,1
3937,1
3387,0
5538,1
1984,1
4936,1
6612,1
2366,1
8168,0
4627,0
3614,0
3170,1
3750,0
2474,1
4247,0
8481,0
890,1
6697,1
1899,1
7913,0
1374,1
3694,0
1087,1
4567,0
8744,0
7488,1
9246,0
2173,1
9237,1
9145,1
3117,1
6494,0
10721,0
685,1
9931,1
4426,0
10289,0
4997,1
2221,1
8064,0
5997,0
2804,1
274,1
2420,1
10975,0
1357,1
8501,0
10888,0
9649,1
6190,0
6573,0
662,1
2779,1
3584,0
10904,1
5106,1
6134,1
6632,0
5457,1
10569,0
6524,1
1457,1
6525,1
417,1
7298,1
5404,1
6638,0
9883,0
2365,1
7303,0
2162,1
2480,1
9553,0
5716,1
4947,0
9011,0
3528,0
9810,1
8759,1
4079,0
5780,1
542,1
8091,0
4134,0
9560,1
6865,0
8561,1
9081,0
9741,1
9955,0
2186,1
10181,1
528,1
5743,0
8108,0
10386,1
6746,0
4202,0
10038,1
10923,0
2635,1
2749,1
7036,0
10179,0
8195,1
5495,1
7083,0
6228,0
3609,1
2967,1
7981,0
8100,0
7816,1
7091,0
6903,1
129,1
3831,1
362,1
303,1
1703,1
6025,1
6622,0
6982,0
7855,1
9292,0
1490,1
293,1
5301,0
4701,0
6029,1
4849,0
6701,0
4870,0
1283,1
760,1
8188,0
3966,1
2441,1
10749,1
8773,0
3484,0
3993,1
7491,1
4965,1
8761,0
8155,1
504,1
4440,0
1536,1
4482,0
8165,1
6942,0
8332,0
802,1
4874,0
4311,1
1770,1
5694,1
8938,0
196,1
790,1
6077,0
2503,1
10927,1
8166,1
10473,0
6832,0
3776,0
21,1
10134,1
3037,1
586,1
114,1
5731,1
1761,1
4905,1
4794,1
7849,0
8934,1
2064,1
7034,1
6081,1
4809,1
4537,1
3703,1
10470,0
3404,0
343,1
10850,0
5150,0
10710,0
9895,0
4244,1
2108,1
4692,1
3726,1
1210,1
6914,0
2192,1
1156,1
8881,1
7800,0
7864,1
4676,0
1311,1
8026,0
2,1
480,1
1054,1
7140,0
10636,0
10494,0
1843,1
5701,0
9437,1
9423,0
9317,1
4841,0
6692,0
6429,1
7220,0
6173,1
2899,1
3953,0
10748,1
8055,1
10879,1
4975,0
4906,0
3034,1
10185,1
800,1
1937,1
4548,1
7963,1
2991,1
10639,1
9260,1
2819,1
5492,0
1809,1
10759,1
2872,1
1939,1
3532,1
8788,0
9320,1
192,1
8712,0
9762,0
7512,1
1199,1
5939,1
4535,1
7722,1
1062,1
8302,1
5993,1
5833,1
4163,0
325,1
641,1
6550,0
6424,0
9258,1
2220,1
8544,1
6505,0
1746,1
6285,0
3824,0
5519,0
3683,1
2641,1
9098,0
1955,1
1885,1
9181,0
1790,1
4323,1
9481,0
6614,0
5140,0
1684,1
6711,1
4604,1
8402,0
5827,1
9015,0
6575,0
10586,1
7163,0
2596,1
10661,0
5164,0
6953,0
6936,1
4325,1
7175,1
1333,1
10554,0
9240,0
3903,0
2914,1
10515,1
3081,1
4448,0
8211,0
782,1
10159,1
3351,0
10343,1
4814,0
3921,0
10794,0
5730,0
1780,1
8931,0
7048,0
3621,0
152,1
6769,1
5137,1
69,1
795,1
7397,0
1193,1
9382,0
7561,1
2427,1
9918,1
10059,1
2905,1
3277,1
10869,1
190,1
9367,1
4034,0
3420,1
9509,0
8476,0
97,1
2452,1
6757,0
491,1
8879,1
10724,0
6349,0
2836,1
1391,1
6298,0
10248,1
6442,1
8295,0
4364,0
7076,1
6651,0
7634,0
1265,1
5643,1
1812,1
8361,0
651,1
8232,0
5777,1
4170,1
10782,1
7236,1
4080,0
5764,1
492,1
635,1
3481,0
8597,0
5753,0
8294,0
4654,1
5189,0
5394,0
1552,1
1943,1
5269,1
138,1
2629,1
8841,1
5598,1
2535,1
2789,1
5345,1
2412,1
3718,1
2561,1
697,1
3605,0
2522,1
3910,0
6193,0
1615,1
2664,1
9556,0
5347,0
393,1
1203,1
10760,1
913,1
2328,1
2456,1
10429,1
5343,0
7661,1
9777,1
3751,0
6625,0
870,1
4633,0
7626,1
10227,0
2494,1
7736,1
10497,0
3371,0
2891,1
10623,1
3970,0
6784,0
5712,1
7265,1
1007,1
3890,1
426,1
7451,0
3365,1
2398,1
2318,1
10370,1
6167,1
9216,0
7627,1
5155,1
3421,0
9733,1
2525,1
4748,0
4734,1
9904,0
3276,1
4766,1
7430,0
8318,1
8971,1
1747,1
4962,1
7378,1
9375,0
6086,0
2263,1
8036,1
9384,0
7334,1
2104,1
161,1
8880,1
8338,0
4242,0
9690,1
1928,1
8596,0
7810,1
4903,0
5101,0
5255,0
1304,1
10924,0
3847,1
3950,0
1343,1
5995,0
9205,1
9621,0
2839,1
7176,1
2517,1
9042,0
4929,1
7119,0
2560,1
9408,0
895,1
258,1
7105,0
8600,0
5319,0
2116,1
2922,1
1685,1
1126,1
1561,1
6661,0
9432,1
5316,0
8444,0
6331,0
4396,1
3124,1
3424,1
1276,1
5847,0
10052,1
4393,0
182,1
4067,0
3233,0
6479,0
698,1
2112,1
108,1
5056,0
7203,0
2606,1
9961,1
6876,0
8128,1
5021,0
2508,1
4055,0
2594,1
8450,0
9355,0
809,1
5489,0
8114,1
7945,0
7770,0
8478,0
7399,1
4086,1
7499,1
2631,1
361,1
9456,1
2597,1
9150,0
6670,1
6120,0
7685,1
4673,1
5427,0
881,1
4256,1
10041,0
5724,1
9414,0
1938,1
4495,1
9546,1
5959,1
5108,1
279,1
7415,1
4225,1
8061,0
10628,0
3925,0
10804,1
4472,1
5876,0
8665,0
6652,0
5232,0
629,1
8745,1
10270,1
6767,0
3026,1
6389,0
2348,1
493,1
9739,0
9302,0
5803,1
10065,1
6991,0
10027,0
4447,0
6595,0
8981,1
1253,1
8982,0
4834,1
2261,1
9570,0
833,1
1555,1
2145,1
1998,1
4096,1
10616,1
10322,1
4724,0
2846,1
10068,0
7345,0
4697,0
10417,1
10568,0
7552,0
6983,0
3874,0
4647,1
3062,1
566,1
934,1
4327,1
971,1
85,1
3383,0
5999,1
4407,0
6137,1
10444,0
9651,1
7753,0
658,1
8351,1
1586,1
8871,1
8808,1
5652,1
9694,1
5300,0
6828,1
6841,1
2461,1
6385,1
2605,1
8468,0
3,1
10076,1
993,1
3017,1
1771,1
6778,1
696,1
1911,1
3564,1
6082,1
8543,0
664,1
10912,1
5723,0
5799,0
5814,1
8474,0
3516,1
10574,1
8224,1
10690,0
9254,1
5116,0
10422,0
8250,1
1788,1
7827,0
8557,0
6516,1
1958,1
5689,0
1842,1
117,1
2030,1
5834,1
8624,0
3104,1
8710,0
5870,1
6937,1
863,1
10898,1
3237,0
2976,1
10158,1
8743,1
777,1
9806,0
3838,1
6055,0
7821,0
3278,0
8671,0
7881,0
5638,0
3851,0
9450,0
8598,0
2013,1
9492,0
7899,0
9709,0
6781,1
3055,1
3637,1
9438,1
2756,1
5476,1
712,1
1528,1
8823,0
9013,0
9362,0
8230,1
1569,1
722,1
6129,0
9534,0
7758,1
6327,0
2831,1
3760,0
9452,1
4785,0
8667,0
8151,1
9606,0
5574,1
7352,0
5431,0
4337,0
8167,0
10715,0
6630,0
10831,0
6181,1
6358,1
2079,1
4302,0
8798,1
3545,1
4148,0
5377,1
5402,1
1683,1
1945,1
3324,1
3764,0
1564,1
2812,1
5866,1
3503,0
4022,0
862,1
1884,1
5030,1
147,1
7454,1
5258,1
10078,1
8959,0
10596,1
4082,0
914,1
171,1
8854,1
1282,1
6507,1
9215,0
4964,0
8748,1
9525,0
944,1
6280,0
9421,0
8528,0
9937,1
7056,0
3714,1
1921,1
4738,1
4858,1
10298,0
9392,0
6034,1
1807,1
7277,1
287,1
1212,1
6509,0
7480,1
7471,1
7648,0
9335,0
9334,0
5748,0
7040,0
2246,1
2510,1
10074,0
7284,0
2436,1
2970,1
9024,1
3690,0
6022,0
181,1
6744,0
8190,1
71,1
9077,0
8772,1
2034,1
3562,0
7011,0
6496,0
8200,0
10751,0
9763,0
2903,1
8369,1
3625,1
9006,1
2499,1
10030,1
10796,0
3266,0
8720,0
1131,1
4042,0
4645,1
215,1
243,1
582,1
4168,0
7307,0
2682,1
8005,0
3765,1
9170,1
10126,0
6789,0
2437,1
3897,0
3585,0
4581,0
4674,0
5221,0
3181,0
5607,1
124,1
10966,0
9557,1
5119,0
4446,1
1673,1
7074,0
8129,1
8617,0
5623,0
655,1
7121,0
4326,1
2691,1
7385,1
3392,1
857,1
9587,1
9984,1
3689,1
2484,1
10119,0
9681,0
79,1
180,1
6668,1
10501,0
7095,1
6372,1
5734,0
5695,1
1497,1
10427,0
6246,0
2926,1
8436,1
7768,1
3785,0
4764,1
9217,0
10239,1
1588,1
7795,1
2134,1
6206,1
8407,1
9598,1
7536,1
1487,1
9027,0
3085,1
7730,0
4716,0
4524,0
7596,1
6386,1
9528,1
376,1
10727,1
5361,1
5312,0
9178,0
4023,0
6892,0
1281,1
6941,0
3248,1
2507,1
2463,1
2374,1
10897,0
3842,1
7928,1
6179,1
5048,0
7988,1
2054,1
5051,1
6725,1
9387,0
10653,1
1922,1
733,1
1361,1
88,1
1183,1
3179,0
8496,0
8608,0
7624,1
838,1
4891,0
7054,0
4586,0
5690,0
749,1
5069,1
2900,1
4664,1
3705,0
820,1
7910,0
8895,0
9581,0
4565,1
4058,1
5968,0
9744,0
9816,1
8998,0
1378,1
1962,1
8248,0
469,1
7268,0
1317,1
2082,1
10147,0
9874,1
3185,0
5706,1
8124,0
3379,1
9493,1
7149,1
8633,0
1641,1
2645,1
2514,1
5367,0
3413,0
8426,0
9628,1
5047,0
8383,0
4501,0
6074,0
5735,0
10398,1
5180,0
3473,0
387,1
2361,1
3009,1
1313,1
8438,1
7132,1
2125,1
6279,1
61,1
3216,1
6118,1
1016,1
2990,1
7438,0
7336,0
5389,0
2090,1
4915,0
2058,1
6123,1
10755,0
3856,0
6715,1
3489,1
7992,0
2481,1
7008,0
9535,1
10499,1
1550,1
6021,0
770,1
8940,0
3732,1
4712,0
2210,1
8625,1
3067,1
4234,1
14,1
2042,1
4706,0
6368,1
241,1
4629,0
8226,1
5178,0
4144,1
10412,1
7872,0
4672,0
1373,1
9052,1
6989,1
8872,0
9945,0
2677,1
7633,1
5053,1
3729,1
5760,1
6968,0
3889,1
2336,1
2362,1
9381,1
761,1
5756,1
5528,0
3808,0
9646,0
9878,0
285,1
1124,1
875,1
5793,0
7,1
6038,1
1724,1
2528,1
9938,0
2985,1
6269,1
1482,1
4162,1
6535,1
7055,1
7375,0
9196,0
945,1
7587,0
9712,0
9446,1
1385,1
8746,0
6710,0
6812,0
6653,0
2086,1
2087,1
4299,0
2379,1
5378,1
8935,0
8060,0
10873,0
3766,0
2238,1
6501,1
8801,0
6745,0
8455,0
2616,1
4173,1
2445,1
5818,1
9091,0
10711,1
7577,0
7369,0
1430,1
10647,1
778,1
2995,1
10462,1
1355,1
3430,1
6993,1
4609,0
1519,1
221,1
19,1
1224,1
7653,0
8827,0
75,1
7372,0
6111,1
8358,0
4039,0
4223,0
7463,0
7960,0
9325,1
4727,1
7090,1
3737,0
8204,1
3942,0
7957,0
10144,0
3334,0
4938,1
3002,1
9852,0
9499,1
9161,1
130,1
5846,1
4832,0
8150,0
10446,0
7715,1
524,1
10084,0
3773,1
9107,1
2681,1
5934,0
10110,0
3873,1
3559,0
2540,1
340,1
10763,1
2179,1
10009,1
6472,1
4000,1
2443,1
497,1
2326,1
6821,1
780,1
5655,1
10216,1
9218,0
8885,0
7388,1
10918,0
1227,1
9428,0
2313,1
5891,0
9669,1
9448,1
6096,1
2130,1
8914,1
3445,0
9471,0
2450,1
4828,0
3665,1
7814,1
5223,0
8355,0
9908,0
7376,1
4106,1
2726,1
218,1
1052,1
5787,0
9250,1
332,1
3857,1
5294,0
9537,0
6309,0
936,1
7465,1
9510,1
9725,0
8306,1
2722,1
2128,1
9123,0
7353,0
7359,0
10346,0
10184,0
6777,0
2958,1
3333,1
9056,0
8305,1
2135,1
9737,1
501,1
419,1
1184,1
8021,0
8029,1
4391,1
8889,1
1396,1
8513,1
5820,0
6198,1
7442,0
403,1
10777,1
9340,0
7764,1
7751,0
1949,1
1531,1
4481,0
8737,1
1113,1
2400,1
2550,1
4935,1
6849,0
3815,1
1109,1
1141,1
3393,1
5732,1
703,1
9236,0
2140,1
541,1
10502,0
9389,1
1041,1
2683,1
9870,0
1722,1
6031,1
6978,1
4013,0
8192,0
6970,1
7407,0
3448,0
5117,1
1614,1
5635,0
2901,1
680,1
3541,0
4496,0
3105,1
6194,0
3674,1
8930,1
4043,0
867,1
5342,0
5448,1
2350,1
3636,1
6112,1
4272,0
5298,0
585,1
9401,1
3828,0
3868,0
3688,0
899,1
4590,0
5046,0
4119,1
6210,0
2195,1
9779,1
3747,0
10143,1
9500,0
3102,1
574,1
7717,0
5239,1
9848,0
8117,1
2551,1
7623,1
10965,0
8742,1
4530,0
2932,1
2497,1
8487,1
9192,1
5128,1
6910,1
2876,1
4249,0
8266,0
467,1
828,1
4138,0
1871,1
10012,0
4865,0
3052,1
513,1
1312,1
4061,0
8676,0
10505,0
9715,1
6456,0
4770,0
3822,0
5858,0
8511,0
6062,0
7559,0
6995,1
4305,0
9688,1
8058,0
4811,0
752,1
9379,0
1784,1
4304,0
9197,0
177,1
9856,0
8765,0
9939,0
10527,1
6253,1
2446,1
3292,0
1708,1
7929,0
7834,1
9671,0
9950,0
10170,0
8052,0
7193,1
2506,1
7312,0
2650,1
7975,0
9615,1
9331,0
4181,0
2161,1
8122,1
2323,1
5350,0
9339,0
2845,1
1579,1
4121,0
5625,1
10538,1
4703,0
9116,1
5364,1
1435,1
1762,1
10019,0
5498,1
1247,1
3137,0
1664,1
86,1
8252,0
7716,1
1599,1
9860,0
8401,0
3895,0
10820,0
7460,1
1275,1
10658,1
10665,0
8527,0
5035,0
1534,1
1040,1
7718,0
2081,1
7618,1
8465,1
8868,0
3682,1
7674,1
6667,1
9722,1
6209,1
6133,0
1580,1
4056,1
8673,1
5800,1
10108,0
6041,0
2204,1
1074,1
2628,1
2072,1
4871,1
4455,0
4208,0
9847,0
9229,0
1405,1
6236,0
6956,1
5114,1
3054,1
3129,1
6098,0
286,1
9700,0
9426,0
8950,0
2297,1
5449,0
2547,1
5099,0
1554,1
2615,1
6268,1
4875,1
5353,1
5136,0
5616,0
1198,1
6695,0
7084,1
333,1
2888,1
5524,1
7293,0
8691,0
216,1
10173,1
9045,0
3859,0
9541,0
7128,0
1151,1
4979,0
9048,0
3143,0
2833,1
10613,1
4558,0
5657,1
3806,1
1540,1
1649,1
3672,1
851,1
1216,1
4551,1
2180,1
2038,1
957,1
10521,0
5580,0
7309,0
4333,0
44,1
7807,0
7122,1
9604,1
6676,1
648,1
5901,0
6239,1
9085,1
4250,1
8704,0
4755,0
7832,1
6018,0
4607,1
10632,0
1704,1
8097,1
9813,1
2382,1
10320,1
7413,1
7061,0
9514,1
8406,1
10611,0
4266,0
4822,0
9018,0
6247,1
4045,1
5482,1
10353,0
7614,1
8219,1
9313,0
1980,1
3536,1
8343,0
5161,0
8615,0
6252,0
8921,0
7922,0
7874,0
5193,0
9084,0
813,1
3205,0
7535,0
10798,0
8548,0
5469,1
6191,0
4914,0
6860,1
5479,1
2727,1
2349,1
6448,0
713,1
6153,0
789,1
8635,0
8628,0
2760,1
2835,1
6063,0
3599,1
7305,0
4709,0
4416,0
9108,0
6226,1
666,1
665,1
3166,0
611,1
932,1
3498,0
10420,0
8516,0
5303,0
7812,0
1033,1
912,1
3236,1
169,1
8960,1
5768,1
3943,0
1242,1
5368,1
6053,1
6478,1
281,1
9641,1
5592,0
5737,0
5965,0
3589,1
8212,0
2633,1
128,1
2224,1
10355,1
9853,0
3654,1
6779,1
10745,1
8326,0
10818,0
7948,0
1485,1
9921,0
941,1
4350,0
3323,1
6895,1
2462,1
2860,1
9463,0
3869,0
2572,1
9198,1
7230,0
10217,0
10853,0
1211,1
6871,1
6079,0
1829,1
4525,1
9885,1
2216,1
9995,0
6116,0
6281,1
8898,1
9511,1
4001,0
6718,0
6001,1
2286,1
9186,0
10626,0
2071,1
6092,0
4222,0
1365,1
4615,0
9195,0
2705,1
1879,1
7023,1
6397,1
8158,0
7919,1
9371,0
4680,0
9577,1
6846,1
816,1
1474,1
2656,1
27,1
9801,1
8391,0
5485,1
7245,0
7316,1
430,1
2200,1
6097,0
1702,1
10189,0
4876,0
8156,0
2644,1
6708,1
4617,0
8237,0
10723,1
10992,0
7070,0
949,1
7246,0
9211,0
420,1
7483,0
2637,1
6593,0
2518,1
7472,1
8732,1
7918,1
2634,1
609,1
3900,0
8118,1
7398,0
1845,1
507,1
42,1
6842,0
3959,1
3142,1
10463,0
8031,0
8162,0
7174,0
8159,0
1471,1
5682,1
2133,1
9083,1
5836,1
7391,0
7331,0
6180,1
988,1
1260,1
1266,1
2113,1
2757,1
10464,1
4025,1
5113,0
8134,0
9294,0
7553,1
10902,0
7211,1
5971,0
6019,0
576,1
3061,1
1315,1
2401,1
10479,0
2229,1
794,1
1324,1
1075,1
3787,0
6378,0
9445,1
9295,0
10730,0
9001,0
6807,0
8066,1
9594,0
7154,0
1605,1
9484,0
1841,1
7886,1
3131,1
6333,0
4341,0
964,1
9765,0
10048,0
9257,1
4142,1
2119,1
8412,1
6366,1
6739,1
5233,1
568,1
1412,1
1001,1
6901,0
10664,0
5131,1
3871,1
2657,1
3610,1
8679,0
3861,1
6431,1
1448,1
3076,1
4424,0
10118,0
9391,0
9263,1
9402,0
8757,0
6511,0
5249,0
3053,1
7510,0
8082,0
7022,0
7747,1
8668,1
8939,1
7304,0
6010,1
10036,0
1466,1
7504,1
10303,0
4094,1
8825,1
5978,1
2826,1
3624,1
1476,1
1810,1
1977,1
3707,0
4468,0
10371,0
9862,0
9784,0
2363,1
9845,0
10474,0
1847,1
6544,1
8721,0
9660,0
10645,1
3270,0
3293,0
2549,1
309,1
3813,1
9053,0
4072,1
10684,0
4984,1
9465,0
10843,0
4422,0
10414,1
2544,1
1645,1
6527,0
3350,0
9740,0
4700,1
5235,1
8812,0
9935,0
8489,1
473,1
2285,1
2417,1
5550,1
1592,1
4850,1
5040,0
10145,0
9563,1
4264,0
5419,0
6611,1
6837,1
4725,0
8283,0
3632,0
2701,1
499,1
4528,0
4961,0
3570,1
8330,1
6517,1
3488,1
1825,1
1546,1
9104,0
2509,1
8739,1
7455,0
9314,1
570,1
3968,1
10456,1
4838,1
1371,1
612,1
10956,0
5790,1
1897,1
1725,1
3140,0
5654,0
9279,0
6200,0
43,1
1056,1
345,1
6432,0
8698,0
7228,0
9880,0
8043,0
3398,0
328,1
6869,1
7705,1
5576,1
4773,0
9999,0
8875,0
7152,1
2775,1
8416,0
1013,1
7354,1
2904,1
7394,0
406,1
594,1
5506,1
10601,1
6755,0
6390,1
1662,1
2290,1
4475,0
7323,0
1936,1
1201,1
9922,1
7961,0
5711,0
5267,1
6944,1
1358,1
1584,1
2092,1
4983,1
6126,0
2046,1
5231,0
10560,0
5504,0
6564,0
275,1
2929,1
8328,0
488,1
3459,1
5523,0
5938,0
10390,1
1805,1
10764,1
4388,0
10519,0
6599,0
5974,0
1670,1
2434,1
1686,1
10981,0
525,1
4062,1
8828,1
1021,1
7273,1
4028,1
3043,1
8602,0
1379,1
7088,0
3362,1
10584,0
10275,1
1848,1
7073,0
5568,1
2264,1
3972,0
363,1
2612,1
691,1
10120,0
6912,1
1831,1
3746,0
4620,1
90,1
3463,1
2911,1
2422,1
4584,0
10592,1
4719,0
10480,1
1794,1
5969,1
9156,1
3864,1
7892,0
7912,0
6039,0
4195,0
694,1
7702,0
9929,0
2306,1
1068,1
5144,1
7184,1
1220,1
4003,0
9815,0
1669,1
9977,1
9974,0
8910,0
2719,1
9894,1
6682,0
5886,0
6754,1
81,1
8512,1
1992,1
10697,0
8797,0
9261,1
769,1
2391,1
7386,1
6857,1
3046,1
9021,0
4939,0
2203,1
6788,1
7896,1
7529,1
3934,0
5174,0
8517,1
2956,1
6052,0
546,1
5590,0
5510,0
10385,0
6713,1
6344,1
4833,0
6322,0
1681,1
928,1
3416,0
352,1
4291,1
5832,1
4218,0
9508,1
10176,0
7199,1
1553,1
6866,0
1926,1
10379,1
10615,0
572,1
5098,1
1073,1
7007,1
8016,0
6393,1
918,1
876,1
1418,1
6609,0
10625,0
5405,0
5458,0
8729,0
5677,0
1089,1
9507,0
1576,1
9080,1
9106,0
2345,1
8392,0
7462,1
7473,1
4624,0
7329,0
3171,1
6803,0
866,1
5819,1
2907,1
7275,1
3213,1
9262,0
9460,1
5328,0
1602,1
3209,0
10088,0
8185,0
9825,1
6843,0
2266,1
4313,1
2690,1
3358,1
1671,1
10482,0
3343,0
6211,0
6522,0
2796,1
659,1
1522,1
4275,1
4559,1
4471,1
5172,1
3656,1
4519,0
9965,0
4634,0
7741,1
7447,1
3500,0
2585,1
3704,1
6059,0
3575,1
8010,0
735,1
8650,1
3414,1
8654,0
4279,0
4758,0
8925,0
1723,1
5324,0
1577,1
6359,0
8683,1
2765,1
946,1
4781,0
7996,1
561,1
9973,0
9129,1
7130,1
9413,0
5264,1
4884,0
9625,0
6954,0
9324,1
8707,1
5910,1
8400,0
5452,0
2124,1
10598,0
1143,1
5349,1
6486,0
8131,0
8846,0
4775,0
9070,0
672,1
1177,1
3250,0
9440,0
10344,1
3349,0
7908,0
6559,1
5126,1
9521,0
8833,1
10805,0
8342,0
1547,1
8966,1
3007,1
2699,1
3041,1
6615,0
7178,1
7508,0
5154,1
8595,0
3214,0
1135,1
7993,0
7234,0
6128,0
4839,1
2164,1
564,1
7341,0
7797,0
365,1
7260,1
5125,0
324,1
2987,1
2968,1
4115,1
7630,0
369,1
1268,1
87,1
1792,1
4461,1
9905,1
5190,0
4452,0
9212,0
8300,0
4210,0
2380,1
6618,1
7956,0
7158,0
6233,0
7779,1
4442,0
305,1
8946,0
7709,0
1668,1
7875,1
9714,1
4908,1
9580,0
6891,1
5775,1
7670,0
841,1
2815,1
9588,0
7227,0
4213,1
2881,1
1178,1
8092,1
2396,1
1442,1
8235,0
3410,1
4626,1
2802,1
294,1
6436,1
3012,1
3699,0
8273,1
2943,1
254,1
2832,1
157,1
9835,0
4494,1
5163,1
1162,1
8906,0
3988,1
2075,1
149,1
8727,0
2521,1
1526,1
5522,1
4752,0
8297,1
9881,0
6103,0
5632,0
4128,0
1303,1
3522,0
4847,0
5500,1
5556,1
4417,0
6371,1
172,1
6907,1
2011,1
7360,0
1849,1
6699,0
7279,0
2685,1
3354,0
3534,0
1342,1
4343,0
9795,1
9230,0
8787,0
7280,0
1952,1
6626,1
4970,0
10874,1
5059,0
137,1
8515,0
4085,1
1483,1
2736,1
7168,1
2482,1
7813,0
4515,1
9126,0
8920,0
10340,1
9282,0
10236,0
6650,0
8203,0
1719,1
3858,0
3827,1
9702,1
34,1
2235,1
1239,1
3460,0
1245,1
1824,1
6271,1
6207,1
9268,0
3356,0
7801,0
470,1
7541,0
9574,1
7441,1
7166,0
7893,1
6048,0
7197,0
3446,1
6283,0
632,1
3752,0
6898,1
8536,0
3504,0
1782,1
8062,0
530,1
1656,1
5698,0
9388,1
7978,1
259,1
3320,1
987,1
8705,1
8550,0
9311,1
8274,1
3357,1
8514,1
827,1
7487,1
10972,1
2093,1
742,1
2160,1
5940,0
2360,1
1407,1
4944,0
6741,0
5400,0
1176,1
8126,0
2376,1
9436,1
4579,0
4268,0
6146,0
9686,0
5915,1
7985,0
3285,0
6813,0
2149,1
6831,0
6216,0
8709,0
8714,0
10029,1
5464,0
5994,1
10549,0
8153,0
9461,0
4010,0
213,1
1376,1
7153,0
1587,1
5931,0
7467,1
2512,1
7851,1
3347,1
4136,0
4419,0
1363,1
6185,0
8193,0
5410,0
5385,0
6365,1
2496,1
10081,0
3901,1
8099,1
4957,1
2208,1
7013,1
3659,0
10364,0
1347,1
1254,1
2489,1
6006,1
10895,1
2492,1
6539,0
3128,1
4909,1
4783,0
6400,0
1665,1
7527,0
10232,1
1386,1
7406,0
5335,1
8263,1
3422,0
1081,1
9642,0
5798,0
2132,1
7114,0
8046,0
6847,1
8604,0
2541,1
4429,0
6680,1
7706,1
6099,1
3469,1
5569,0
2338,1
4156,1
5253,1
8651,0
2206,1
8874,0
3483,0
9697,0
6160,0
3717,0
3549,1
8552,1
437,1
9811,0
10079,0
9750,0
7409,1
2676,1
176,1
7498,1
7643,0
1248,1
3151,1
10971,0
1179,1
8643,1
4920,1
9369,1
5390,1
8178,1
8916,1
10694,1
9796,0
8584,1
972,1
2938,1
8719,1
4547,1
5336,1
2414,1
1149,1
6768,0
7238,0
2684,1
4880,1
7137,0
1403,1
7253,0
10769,0
689,1
804,1
1820,1
10737,0
3377,0
3036,1
8074,0
7925,1
8022,0
6793,0
3485,0
9670,0
2566,1
1887,1
10698,1
959,1
6075,0
8280,1
8567,0
9760,0
8523,1
1255,1
10989,0
4625,0
3238,1
5242,0
9996,0
4370,0
8659,0
10413,1
1544,1
7904,1
3713,0
8593,1
8034,0
8621,1
1672,1
7052,1
1837,1
6514,1
4887,1
297,1
10739,0
9578,1
990,1
3064,1
3706,0
2847,1
1413,1
7608,1
2457,1
6392,0
270,1
2977,1
7783,0
4894,0
4335,1
2986,1
3454,1
6149,1
5001,1
5218,1
5564,1
5341,1
8023,0
4518,1
8852,0
2607,1
9661,1
9609,1
1651,1
2325,1
1289,1
7703,0
6251,1
9474,1
4802,0
3758,1
10132,0
3327,0
10706,1
6801,0
5124,1
3602,1
6957,1
5952,0
10099,0
4561,1
5763,0
10510,1
2974,1
739,1
5188,1
7066,0
9767,0
7710,1
485,1
534,1
5972,1
185,1
7024,1
9674,0
10057,1
6786,1
10204,1
3611,1
3680,1
6069,1
9255,1
3749,0
5333,0
8112,0
544,1
4464,1
4803,1
1008,1
9719,1
7263,0
1637,1
10819,1
7426,0
6923,0
195,1
1946,1
1082,1
7509,1
4576,0
4682,1
4172,1
5783,1
5593,0
7628,0
5196,0
5351,1
2732,1
5626,1
8893,0
5077,0
91,1
10010,1
5127,0
2341,1
6640,0
1058,1
7933,1
1277,1
2818,1
10899,0
9866,1
812,1
2120,1
5529,1
3200,0
10576,0
9280,0
93,1
3146,0
4381,1
10847,1
552,1
4269,1
10838,0
10567,0
2856,1
6766,0
1616,1
6176,1
9605,0
5357,1
8007,1
3015,1
10296,0
6196,1
7240,1
6531,0
1562,1
3008,1
3385,0
9219,1
2037,1
10885,1
3122,1
8864,0
5511,0
2174,1
10153,1
2614,1
10571,0
10896,0
5956,1
4854,0
25,1
1570,1
8760,0
7939,1
2851,1
3180,1
4110,0
2857,1
7395,1
791,1
9125,1
1527,1
740,1
3281,0
1680,1
4571,0
8853,1
1323,1
7274,0
4917,1
9032,1
1624,1
7629,0
9632,0
4933,1
2763,1
3296,1
10128,0
6267,1
5149,1
8321,0
792,1
8053,0
7820,1
4913,1
3291,0
10017,0
443,1
3178,0
10487,0
1279,1
554,1
6855,1
4412,0
3693,0
6536,1
7762,0
3115,1
4169,1
9927,0
5414,1
3594,0
7523,1
5474,0
4972,1
8033,1
819,1
2377,1
509,1
10333,0
836,1
1300,1
2397,1
6161,0
10164,0
10864,0
222,1
7161,0
1789,1
4658,0
7742,1
616,1
8867,1
9210,1
5391,0
7787,1
1639,1
7058,0
4511,0
5521,1
750,1
7839,0
1745,1
2003,1
7880,0
10266,0
5964,0
1730,1
457,1
10406,0
9567,1
10437,0
3080,1
10689,0
360,1
10214,0
9479,1
10960,0
5815,1
123,1
4469,1
296,1
3100,1
2357,1
4018,0
1931,1
5725,0
7189,0
725,1
5892,0
6515,0
6414,1
10265,0
1571,1
10970,0
9872,0
1091,1
3860,1
5409,1
9397,1
2303,1
3110,1
8570,0
1308,1
4425,1
7469,1
6142,0
1119,1
6003,0
1823,1
6374,0
8700,1
6396,1
4098,0
7412,0
8905,1
3186,0
6748,0
8084,1
9711,1
9597,0
1096,1
5192,1
142,1
8089,1
9124,0
1278,1
3753,0
8810,0
10589,1
10498,0
8121,1
6556,0
7109,1
10638,0
10411,0
10103,0
7208,0
4437,0
2473,1
7288,1
2127,1
902,1
6579,0
28,1
2347,1
1393,1
3941,1
1735,1
8136,0
6255,1
8272,1
2101,1
10122,1
2916,1
6395,1
4009,1
3695,1
2301,1
9245,1
642,1
1139,1
7254,1
1636,1
7339,1
7349,1
422,1
1910,1
8157,0
4354,0
7871,1
10196,0
8612,0
3628,0
6264,1
317,1
10277,1
1755,1
3174,1
5947,0
9128,0
3631,0
5603,1
5100,1
6426,0
10599,0
3271,0
9177,0
533,1
532,1
2267,1
5060,1
10884,0
8430,0
10472,0
6830,0
10219,1
5595,1
4614,1
487,1
9390,0
2984,1
183,1
6102,1
7112,0
7844,1
5588,1
5986,1
5183,1
3996,0
7319,1
9157,1
7696,0
52,1
3242,1
315,1
3715,1
2279,1
7902,0
10594,1
7181,1
10151,0
9269,1
2487,1
7649,1
1787,1
2734,1
3283,0
8640,1
6409,0
6734,0
2069,1
1172,1
6117,1
8918,1
2707,1
2053,1
3261,1
4868,0
6495,1
160,1
2109,1
10376,0
3556,0
4,1
3722,0
2808,1
4916,1
9889,0
9851,1
5795,1
9863,0
7937,0
2188,1
7607,0
8877,1
4671,1
1714,1
1034,1
6712,0
7216,0
6169,0
1618,1
5016,1
3476,0
1753,1
8685,0
4474,1
3590,0
2729,1
3977,1
10925,1
6411,0
8253,0
4819,1
6477,1
8807,0
9504,1
7170,0
1291,1
6360,1
2458,1
9747,1
8446,0
7868,0
5691,0
2154,1
7580,0
8102,0
8171,0
5338,1
7287,1
3501,0
5480,1
7595,0
6238,0
1479,1
7489,1
5244,0
1557,1
6145,0
5508,1
7449,1
4563,1
3821,1
10244,0
2830,1
1920,1
2485,1
10809,1
2576,1
10102,0
7680,0
2662,1
5812,0
8002,0
8127,1
4612,0
717,1
4603,1
7749,0
5493,1
9270,0
7396,0
1545,1
8599,0
3402,1
1999,1
1084,1
7270,0
8724,0
3985,1
6013,0
103,1
10403,1
10811,1
10958,1
1017,1
9273,0
3640,1
7242,0
10977,0
9430,1
3097,1
174,1
7589,0
3914,0
803,1
9565,0
4618,0
7575,1
5610,0
6574,1
2367,1
9503,1
49,1
6853,0
6958,0
2886,1
6332,1
9234,0
6570,1
10455,1
7869,1
5359,1
2526,1
1196,1
1886,1
10701,0
5308,1
10336,1
543,1
8692,1
9396,0
5796,0
4400,1
3417,0
8907,1
9663,0
405,1
4517,0
10447,1
6690,0
3071,1
5619,1
1861,1
7196,0
9422,0
5890,0
5990,0
4686,1
6921,0
5352,0
6492,0
4918,1
1549,1
3615,0
10080,0
1197,1
4306,0
6873,1
10558,1
5767,1
4879,1
1166,1
8696,1
7217,0
8559,0
68,1
8619,0
2964,1
9910,0
135,1
9925,1
10995,0
6987,0
9472,0
10226,1
1944,1
2598,1
3444,1
5322,1
7206,1
8564,1
5669,0
3317,0
2817,1
2834,1
7410,1
8530,0
2147,1
8028,0
2428,1
3708,0
6254,0
6596,1
4488,0
3567,1
7677,0
10618,1
10058,0
9096,0
10082,1
7676,1
8483,0
4445,1
4345,0
3221,1
7997,1
2178,1
4881,1
1663,1
5900,0
6341,1
8529,0
6829,0
4309,0
9374,0
2066,1
2152,1
1778,1
4035,1
4048,0
5547,0
7479,0
8459,1
9039,0
1362,1
5447,1
10564,1
476,1
6761,1
4131,1
9337,1
517,1
4816,1
3173,0
10961,0
676,1
7986,1
9824,1
8587,1
8460,0
6696,1
10762,0
3762,1
2273,1
2632,1
3449,1
978,1
10948,1
700,1
6403,1
1815,1
3604,0
7047,1
1514,1
3183,0
6642,0
8822,0
7492,0
10015,0
4779,0
9433,0
10666,0
76,1
3962,0
9523,1
6270,1
9308,1
1160,1
3862,0
9356,1
9361,0
2228,1
2803,1
3641,1
7028,0
9627,1
3198,0
7689,1
4257,0
3118,1
8948,1
9988,0
3196,0
9343,0
2712,1
8309,1
10848,0
8020,0
5261,0
3557,0
2277,1
4986,1
8782,1
5497,1
2177,1
212,1
2395,1
2040,1
7411,1
4125,1
5422,0
6163,0
5142,0
6884,1
3339,0
1345,1
4772,0
8493,1
1000,1
4677,0
960,1
9359,0
5226,1
9926,1
1535,1
1532,1
3844,0
8393,1
2351,1
1648,1
10404,0
162,1
2327,1
7405,0
9821,1
9695,1
8915,0
3907,1
6976,1
8145,1
1105,1
8366,0
9638,0
575,1
4026,1
6182,1
4667,0
7935,1
10100,1
10799,1
9068,0
6950,0
6955,1
1397,1
3578,1
2239,1
1758,1
7584,0
5020,0
3675,0
643,1
10507,0
8962,0
3922,0
7078,0
1763,1
1712,1
7796,0
10423,1
10391,0
7688,1
4289,0
10840,0
391,1
10856,1
5181,1
5490,0
6240,0
1380,1
10471,0
9951,0
5363,0
6009,1
9616,0
6016,1
3384,0
8989,1
7704,1
2381,1
10085,1
8331,0
6943,1
7514,0
2636,1
2100,1
7029,0
7364,1
4205,0
10562,0
1647,1
6480,0
9127,1
6548,0
4297,0
10045,1
1280,1
4414,0
389,1
5744,0
8990,1
304,1
4020,0
5467,0
5310,1
4713,0
7046,1
6050,0
2688,1
9,1
1873,1
3587,0
9035,1
8647,1
5980,0
9277,0
3478,1
8049,1
10268,0
771,1
10585,0
2980,1
8614,0
7470,1
1806,1
3803,0
10034,1
5265,0
10704,0
2078,1
9683,0
10944,0
1057,1
62,1
6450,1
2587,1
4104,0
9063,1
3497,1
1878,1
4656,1
89,1
9285,0
4145,0
5545,1
10131,1
1095,1
3251,1
9657,0
8776,1
2354,1
6243,0
10222,0
10415,1
9130,0
209,1
4950,0
10768,1
7636,0
7194,1
8644,1
1813,1
3145,0
7841,1
9288,0
4978,0
1895,1
6662,0
1638,1
1518,1
3761,0
9573,0
5067,0
3884,1
2867,1
6027,0
9502,0
6274,0
5093,0
3267,1
4718,0
6521,0
8508,1
10481,0
1423,1
2590,1
1,1
8824,0
6220,1
3898,1
10011,1
1269,1
8087,0
6381,1
654,1
9643,0
5375,1
10228,0
7110,0
5922,0
10577,1
1957,1
5191,0
4649,0
7793,1
7979,1
937,1
167,1
4765,1
6259,1
10859,0
1816,1
2343,1
10778,1
3892,1
3627,0
7474,0
9735,1
743,1
7778,1
767,1
2730,1
5070,0
2563,1
7117,0
453,1
375,1
1207,1
6996,0
220,1
3757,1
384,1
6911,0
5370,0
1103,1
8738,0
1533,1
8837,1
10587,1
8056,0
10969,0
7949,0
3391,1
514,1
547,1
909,1
1625,1
9536,0
7476,1
5859,1
8769,0
6467,0
4235,1
7941,1
3157,0
6657,0
5450,1
4286,1
624,1
5893,1
821,1
7249,0
466,1
5615,0
1741,1
2156,1
5156,0
7613,1
1942,1
10096,0
4075,0
7754,1
6859,0
3493,0
9572,0
1869,1
7205,0
5518,0
4698,0
115,1
6410,1
6215,0
860,1
7059,0
4760,1
10468,1
6272,0
7103,1
8042,1
975,1
1743,1
465,1
6067,0
3863,0
506,1
8067,1
7027,1
271,1
2667,1
2805,1
5553,1
7735,0
6345,1
4161,0
3376,1
6733,0
10834,0
8919,0
8771,0
3825,0
2750,1
7994,1
10325,0
9893,1
3184,1
7262,1
3771,0
9458,0
808,1
9524,0
3721,1
54,1
5700,1
6616,0
3719,0
2953,1
4152,0
7148,0
4985,0
786,1
2620,1
2954,1
1774,1
6278,1
1563,1
72,1
9323,0
9924,0
6503,0
7859,1
10428,0
8105,0
4583,1
1472,1
7525,1
690,1
877,1
253,1
7840,0
9675,1
1046,1
9778,0
8768,0
3226,1
3452,0
1182,1
7018,1
6606,1
455,1
10756,0
5822,0
6222,1
4308,1
10489,0
9890,0
8763,1
10264,0
2965,1
832,1
5774,1
7951,0
5120,0
3807,0
9970,1
4123,0
6845,1
4174,0
8258,0
8690,0
10308,0
4171,0
10844,0
10635,1
6502,0
2438,1
907,1
7590,1
9434,0
3595,0
3667,1
1709,1
10781,1
536,1
10387,0
7574,1
9667,0
3946,1
6736,0
4808,0
5440,1
1834,1
9223,1
8549,1
3487,1
5714,1
223,1
9088,1
9568,1
3601,0
9138,0
1187,1
244,1
6581,1
4444,1
1232,1
9030,1
9322,0
4767,0
5019,0
5636,0
10221,1
3681,0
7846,1
1844,1
8069,0
7281,1
219,1
2580,1
4277,1
8352,0
7129,1
887,1
8050,0
58,1
8431,1
10254,0
5549,1
2105,1
3069,1
1134,1
9850,1
6776,0
10152,1
10049,0
3495,0
2773,1
7765,0
885,1
7458,1
37,1
5018,0
1706,1
9092,0
1767,1
3191,0
10978,0
847,1
1181,1
5688,0
4898,0
5084,1
6854,1
4192,0
7789,0
10734,0
8713,0
3165,0
8018,1
6875,1
4842,1
2769,1
9451,0
10824,0
7461,1
10182,0
7530,1
6864,0
6840,0
2801,1
915,1
10369,1
5887,0
4931,1
6277,1
6635,0
424,1
1256,1
9112,1
267,1
3057,1
6178,0
5217,0
8913,1
2716,1
7737,0
8260,1
4216,0
3555,0
5863,1
1258,1
2151,1
10520,0
2252,1
627,1
5086,1
7111,0
4762,0
8443,0
8387,1
8281,1
4294,0
8555,1
9330,1
1689,1
6518,0
614,1
9832,0
1018,1
592,1
6131,1
3655,1
9380,1
8839,1
5243,1
3902,0
889,1
734,1
8672,0
709,1
3650,0
2324,1
4694,0
5584,0
10220,0
3917,0
10183,0
5456,1
10789,0
10109,1
6406,1
4806,0
1335,1
5757,0
5850,1
1505,1
5025,1
3202,1
4466,1
4228,0
3965,1
5599,1
3710,0
9576,0
5212,0
4788,0
6417,0
2143,1
3992,1
2879,1
3120,1
1288,1
5563,1
1090,1
5229,0
10591,1
1632,1
5885,1
7969,0
7187,1
2129,1
4594,1
8245,0
2423,1
4293,1
8610,1
2693,1
8259,0
2740,1
9117,0
2155,1
8994,1
6555,0
10382,0
6311,0
3206,0
6720,0
8995,0
2725,1
5966,1
7914,0
9167,0
10821,1
337,1
9009,1
7495,0
9306,0
3924,1
2088,1
8586,0
8795,1
5552,0
3063,1
5831,1
1202,1
1445,1
5478,0
9550,0
5587,0
8908,0
6284,0
2431,1
1170,1
1591,1
1504,1
7497,0
1422,1
920,1
9475,0
4467,0
45,1
5862,0
9358,1
1621,1
7825,0
3141,1
6000,0
10167,1
10541,1
3244,0
3138,0
7712,0
5151,0
9004,0
10793,0
5605,1
1484,1
7310,0
10457,0
598,1
10283,1
538,1
4653,0
3951,0
527,1
6130,0
7222,0
1967,1
1027,1
3692,1
5277,0
2065,1
908,1
3768,1
1739,1
1015,1
602,1
705,1
3724,0
1462,1
3571,0
9067,0
3633,1
656,1
5661,0
486,1
1575,1
9427,0
2429,1
4948,0
2652,1
9903,1
2026,1
3994,1
7286,1
10465,0
10578,0
2202,1
8576,1
4278,0
9720,1
8937,1
3167,1
10553,0
4630,0
979,1
1655,1
7424,0
9435,0
7642,0
10020,0
8130,0
1080,1
2061,1
3565,1
7434,0
5435,1
903,1
846,1
2021,1
211,1
12,1
1150,1
8747,0
8840,0
385,1
6302,0
10621,1
4516,0
10381,0
8277,1
2935,1
2217,1
3380,1
3909,0
3461,1
521,1
5720,0
6348,0
3073,1
5252,0
4952,0
10985,1
1932,1
9529,0
6738,0
6577,0
8364,1
5290,1
4197,0
2609,1
1047,1
3834,1
7907,0
3816,0
5536,0
4831,1
10771,0
5778,0
669,1
3438,1
10453,0
1752,1
7092,0
3653,1
4826,0
373,1
4721,1
9518,1
1600,1
9289,0
7081,0
4837,0
3904,0
1603,1
2312,1
7822,1
4499,0
2262,1
10055,1
8341,0
2421,1
7593,0
9078,1
3867,1
2617,1
1859,1
8715,0
9677,0
10440,0
5133,1
7921,0
9135,1
1565,1
1785,1
4340,1
7817,1
6405,0
6319,0
10206,0
1449,1
6087,0
4973,0
132,1
7267,1
6460,0
10540,1
8382,0
9496,0
6064,1
3249,1
5318,0
6545,0
10223,0
4146,0
8806,0
10431,1
6435,0
5246,0
6132,0
9010,1
5835,0
2364,1
2723,1
6175,0
8348,0
7723,1
8794,0
5673,0
8213,0
6962,0
1732,1
10492,0
10900,1
781,1
10651,0
4596,1
8148,0
4132,0
5039,1
7569,0
1369,1
3832,1
2170,1
3840,1
8509,0
9393,1
2339,1
266,1
2222,1
844,1
9689,1
5513,0
563,1
2621,1
2131,1
10383,1
7739,1
2532,1
2097,1
60,1
5873,0
7774,0
2877,1
2342,1
3997,0
4498,0
2294,1
10107,0
9253,0
5544,1
1100,1
5954,0
4232,0
692,1
8397,1
10668,1
9776,1
4575,1
7338,0
6631,0
10328,1
8784,1
10852,1
3479,0
3204,0
3159,0
3219,0
553,1
4896,0
7829,1
380,1
1796,1
7404,1
10913,1
3095,1
2766,1
9596,1
7143,1
4284,0
5738,1
7672,1
3123,1
8217,0
458,1
7214,1
282,1
679,1
3725,0
8521,0
7528,0
9543,0
687,1
1642,1
10933,0
8750,0
2793,1
5728,0
8210,0
8142,1
80,1
5057,0
1451,1
9176,1
1891,1
10069,0
9175,1
10281,0
6174,1
6684,1
1529,1
2768,1
9072,1
1388,1
4480,0
8500,0
1626,1
10377,0
9603,1
5471,0
10094,1
8220,0
5434,1
8405,0
4298,0
9403,1
8520,1
7761,0
7282,1
3406,1
2320,1
3786,0
2764,1
1030,1
3887,0
7243,0
6107,1
7377,1
5705,0
3443,0
3158,1
4117,0
3619,0
4631,0
9623,1
9668,0
3082,1
6362,0
5111,1
7828,1
10368,0
4263,0
8537,1
5681,0
7973,1
2809,1
6458,1
1893,1
9758,0
9522,0
2997,1
8968,0
600,1
347,1
1208,1
9868,1
10746,1
10887,1
535,1
2284,1
3805,0
9303,1
10168,0
6441,1
2293,1
7179,0
1882,1
596,1
8850,1
6380,0
8495,1
7632,1
8943,1
9017,0
10916,0
8086,0
5045,0
65,1
402,1
2912,1
4644,1
1690,1
7740,0
2538,1
10617,0
5903,1
9022,0
6820,0
133,1
6376,1
5072,0
2331,1
4465,1
5169,1
9941,0
9148,0
2005,1
8172,0
1660,1
136,1
9305,0
5797,1
1481,1
7557,0
4078,0
3685,1
3302,0
8080,1
9160,1
3563,0
9470,0
5134,0
8821,0
2322,1
351,1
5488,1
1851,1
4413,0
678,1
1500,1
7854,1
322,1
164,1
9932,1
1169,1
7043,0
1426,1
9505,0
2408,1
10180,0
10149,0
5935,1
7379,0
9954,0
3558,0
9482,1
5381,0
2567,1
8756,0
1489,1
8414,1
2919,1
7381,1
9328,0
5,1
7101,1
1509,1
7033,1
830,1
9618,0
4921,0
4890,0
155,1
868,1
6036,0
4753,0
10347,1
1233,1
5543,0
7421,0
2356,1
7792,1
7954,1
7223,0
1088,1
4361,0
292,1
2074,1
6664,0
977,1
7190,1
2966,1
5436,0
2055,1
401,1
633,1
3475,1
7582,1
10695,1
1153,1
5557,0
10408,0
10892,0
933,1
10486,0
5022,0
9678,1
6214,0
2359,1
7478,1
7876,1
3228,1
494,1
134,1
6800,1
3188,0
6973,0
6934,0
10361,0
168,1
5487,0
9506,0
3094,1
7858,0
872,1
7524,0
5198,1
4823,0
956,1
4768,0
7666,0
7738,0
6771,0
10783,1
10547,0
1692,1
3684,0
2063,1
5112,1
9517,1
2709,1
1679,1
2713,1
7443,1
344,1
7420,0
5627,0
5284,0
6949,1
5671,1
5601,0
6229,0
6952,0
7232,1
6481,0
10279,1
6888,1
8404,1
2695,1
200,1
9321,1
9975,0
8753,1
5176,1
5257,0
9948,0
10155,0
5466,0
8560,1
2138,1
3984,0
10511,1
1307,1
7564,0
4421,1
10875,0
8786,1
6648,0
5007,0
5982,0
2894,1
9225,0
1530,1
2806,1
1360,1
9064,0
3804,1
2798,1
6177,1
9842,1
477,1
10115,0
5066,0
8774,1
10384,0
10681,0
4154,0
8888,0
7486,0
7292,1
59,1
13,1
8137,1
4702,0
8454,0
9963,1
4122,0
8432,1
5288,0
1607,1
9590,0
5983,1
4285,1
916,1
7123,1
10234,1
8265,1
9453,0
4695,1
5864,0
6822,1
7539,0
5913,0
8711,1
9155,1
8499,1
17,1
8125,1
3150,0
4053,0
2411,1
8669,1
5667,0
7150,1
2516,1
565,1
4420,1
1904,1
5992,0
1916,1
9728,0
5962,0
4070,1
3635,1
4901,0
4451,0
1960,1
7016,0
7518,0
3793,0
1821,1
8796,0
10544,0
6659,0
1862,1
1918,1
7337,0
10729,0
224,1
1340,1
7169,0
6058,0
1951,1
9552,0
8421,1
10148,1
1578,1
6856,1
10218,1
1520,1
6605,0
5930,0
1971,1
5641,0
1014,1
1051,1
5575,0
10294,0
8861,0
7308,1
4140,0
8324,0
10316,1
6223,0
10773,0
5472,1
3973,1
4492,0
7805,1
8653,1
3920,0
7368,1
9284,1
10583,0
4955,1
5614,1
1059,1
2671,1
958,1
1613,1
6320,1
2107,1
9716,1
4261,1
5953,1
969,1
5403,1
6493,1
3789,0
6202,1
10397,1
6422,1
5567,0
8012,0
5443,0
4449,1
4167,0
418,1
4553,1
7387,0
2575,1
2250,1
4731,0
7635,0
6889,1
1496,1
10014,0
1400,1
8890,0
2600,1
1612,1
557,1
5566,0
4198,1
8749,0
10713,1
5042,0
3608,0
6589,1
7162,1
6183,0
4749,0
6488,0
207,1
2175,1
3673,0
280,1
4756,1
8472,0
756,1
883,1
3849,1
8554,1
9871,0
2019,1
3426,1
5856,0
316,1
9652,0
2994,1
4487,0
7145,0
1976,1
3029,1
6367,0
5200,0
2375,1
7920,0
10842,1
1235,1
5168,0
7566,1
5579,1
10565,0
1287,1
9409,0
6727,0
5054,1
8506,1
1754,1
7001,0
4981,1
1950,1
556,1
10439,1
6388,1
10878,0
2464,1
4248,0
1409,1
7269,1
7251,1
859,1
8434,1
8682,0
249,1
4408,0
4840,1
9256,0
6547,0
111,1
9876,0
6886,0
5023,0
1830,1
8271,1
5882,1
9163,0
1989,1
8207,0
8547,1
3952,0
2861,1
398,1
9378,1
10451,1
5302,0
9766,0
5936,1
8909,0
8697,0
2565,1
5366,0
738,1
1677,1
5874,1
5618,0
3280,1
2592,1
10708,0
6562,1
8814,1
10073,1
4427,0
5868,0
7958,0
6975,0
9962,0
4736,0
1226,1
5222,0
10493,0
6749,0
6,1
726,1
8849,0
7035,0
7802,1
6534,0
6446,1
10260,0
2091,1
3431,0
66,1
5622,0
9043,1
5152,0
6882,1
9206,0
954,1
2018,1
8949,0
5043,1
8466,1
4556,0
3998,0
6627,0
1294,1
1866,1
2694,1
8071,0
1776,1
10822,0
7250,0
1542,1
774,1
759,1
2666,1
7823,1
460,1
8227,1
6787,1
6887,1
8726,1
3021,1
4102,1
2111,1
2333,1
2477,1
6687,0
5339,0
9844,0
1759,1
3591,0
7656,1
46,1
1558,1
3332,0
6394,1
9309,1
639,1
9864,1
6774,1
10996,0
6203,1
8894,0
1002,1
3733,0
10646,0
6023,0
10130,0
7826,0
6157,0
2952,1
9281,0
3982,1
7032,1
4804,0
766,1
9990,1
2194,1
4534,1
438,1
10299,0
5946,0
10026,1
3401,1
7025,1
2962,1
204,1
1516,1
6523,0
1272,1
7107,0
4387,0
874,1
4165,0
6946,0
2014,1
5926,0
10536,1
8542,1
141,1
5251,1
3658,0
9655,1
5539,0
4549,0
7057,0
5160,0
5289,0
9373,0
865,1
1604,1
1389,1
9613,0
736,1
5902,1
9318,0
1700,1
855,1
2902,1
9290,1
1634,1
9952,1
6932,1
10418,1
229,1
6716,1
772,1
5867,1
599,1
2184,1
3494,1
4928,0
7419,1
341,1
4877,1
3056,1
3741,1
825,1
9582,1
9833,0
10200,1
6808,0
6188,1
9540,0
1737,1
5270,0
3254,0
8373,0
5881,1
3020,1
989,1
8505,0
2864,1
4383,0
9687,0
10319,1
2059,1
10297,0
775,1
8656,0
3325,0
10561,1
4329,0
10911,0
4328,1
4450,1
2373,1
861,1
335,1
9710,0
6482,1
2176,1
5372,0
9074,1
1463,1
5533,1
2168,1
7563,0
4771,1
1439,1
7538,0
4925,0
3530,0
6533,1
10083,0
2139,1
8015,0
4851,1
6445,1
6683,1
6109,1
3679,0
6763,1
6343,1
10421,1
6453,0
3670,0
2504,1
6232,0
1231,1
995,1
9366,1
8140,0
8664,0
3412,1
2070,1
1597,1
8917,0
765,1
9274,1
7126,0
9600,0
4041,1
6992,0
1167,1
9610,0
4129,0
2385,1
2949,1
4878,1
3407,0
4864,1
6883,0
5006,0
6459,1
5062,0
4810,1
1736,1
9354,1
7108,0
36,1
153,1
10286,1
6500,0
3743,0
4428,1
5358,0
657,1
3359,1
2623,1
7983,0
579,1
10042,1
2041,1
7571,0
6127,0
4497,0
1383,1
7133,0
10600,0
10876,0
10546,1
3182,1
8766,0
10295,1
8504,0
6520,1
973,1
4949,1
4255,1
3711,1
7599,0
10872,1
9591,1
9248,0
6960,0
2213,1
1832,1
9759,0
8228,0
1325,1
10633,1
2057,1
6276,1
3542,1
1459,1
1116,1
9589,1
1682,1
7089,0
593,1
3321,0
2329,1
1101,1
4897,0
8634,0
10162,1
2500,1
688,1
518,1
2728,1
5837,0
6582,0
2579,1
7177,0
8616,0
3190,0
10331,0
2939,1
2843,1
1218,1
10269,0
7106,0
5248,1
4883,1
9187,1
9113,1
8684,1
8532,1
4900,0
7755,0
3940,0
2989,1
4116,1
3512,0
6073,1
7200,0
228,1
2007,1
4071,0
1635,1
4382,0
10350,0
3040,1
6241,0
3566,0
9772,0
8143,0
3613,1
3337,0
3649,0
601,1
4365,1
7086,1
3091,1
7811,0
1398,1
8317,0
4857,0
9102,0
3418,1
9494,1
9372,0
10631,0
10973,0
334,1
7644,1
2603,1
178,1
4224,1
359,1
5888,1
3230,1
10761,1
9805,0
7924,0
8040,0
444,1
7657,0
2746,1
10129,1
5721,0
4300,1
7186,0
5401,1
7745,1
2870,1
8462,0
3442,0
10282,1
2742,1
10722,1
4095,0
198,1
10351,1
10740,1
3400,0
1416,1
9593,1
8533,1
2023,1
8467,1
9538,0
925,1
2466,1
8858,1
5438,1
3983,1
8485,0
8865,0
8899,0
8051,0
7096,0
4091,0
9406,1
10300,1
5984,1
8316,0
7621,0
8813,1
10963,1
9477,1
9900,1
1427,1
9614,1
10186,0
3300,0
8199,1
5321,1
5678,1
10,1
10327,0
7155,1
3338,1
110,1
6140,0
10699,0
4432,1
3784,0
8313,0
10256,0
7380,0
8525,0
9781,1
404,1
2992,1
1434,1
5109,0
2618,1
1965,1
8424,0
10087,0
2659,1
2389,1
9656,0
4827,0
5399,1
5773,1
1502,1
10559,1
8675,0
9822,0
2999,1
5331,0
210,1
10037,1
4344,0
3215,0
5758,0
2454,1
2859,1
6004,1
955,1
7650,1
9185,1
1240,1
728,1
6221,0
7456,1
6282,1
10833,0
9718,1
6782,1
6046,0
10046,0
1012,1
1078,1
4112,1
202,1
7408,0
4221,1
5000,1
4663,1
2928,1
2383,1
8926,0
4855,0
10671,0
1503,1
1840,1
842,1
1786,1
4267,0
9000,0
4360,1
1175,1
9037,1
5742,1
6658,1
40,1
1168,1
9271,0
8590,1
5241,0
2946,1
7592,1
2863,1
4866,1
440,1
2044,1
2300,1
4500,1
9182,0
7916,1
260,1
1200,1
4743,0
10917,0
1066,1
1742,1
3263,1
6487,1
1159,1
6144,1
9713,0
5376,0
1991,1
9708,1
3526,0
1221,1
9429,0
1192,1
8480,1
10022,1
3060,1
8502,1
382,1
3025,1
9998,0
1155,1
8588,1
3612,0
2073,1
7026,0
10251,0
8205,1
2924,1
6815,0
7887,0
7351,1
3697,1
675,1
6951,1
9194,0
5014,0
7952,0
5908,1
1228,1
7548,1
2460,1
8649,1
6156,0
1328,1
2961,1
6945,0
9753,1
10702,0
8545,1
9969,0
3607,0
5392,1
7244,0
399,1
10597,1
5577,1
1214,1
8844,0
3374,0
3395,0
3915,0
6532,1
1453,1
8902,1
173,1
9386,0
8924,0
5195,1
4560,0
5237,0
1261,1
2215,1
2639,1
5384,1
7371,0
3524,0
2453,1
10866,1
116,1
5002,0
4945,0
3229,0
5187,1
8315,1
1979,1
1698,1
7115,1
8952,0
6765,1
5182,1
1284,1
962,1
1446,1
8488,0
2004,1
10302,1
100,1
2577,1
8891,0
7344,0
7562,1
9267,0
4310,0
2265,1
3843,0
4109,1
10619,0
2295,1
3700,1
3457,1
3301,1
10467,0
3369,0
6672,0
5138,1
7383,0
3246,1
6981,0
4593,1
4684,1
1432,1
2642,1
5087,1
10953,1
2444,1
6266,1
2973,1
9561,0
5945,1
5315,1
6740,0
6423,0
5371,1
8003,1
8234,0
9595,0
7686,1
3456,0
2898,1
1589,1
7675,0
8680,1
4027,0
4177,1
8886,0
9353,0
7213,0
5957,1
6465,0
6364,0
5297,0
2741,1
1954,1
3353,0
7252,1
10962,1
3028,1
714,1
6554,0
2777,1
7931,1
8206,1
826,1
6639,0
7545,1
2479,1
4650,0
9300,0
9079,0
8764,0
1912,1
9111,0
1495,1
8000,1
2813,1
3774,0
2223,1
10285,0
2319,1
1144,1
10194,1
8320,1
7734,1
7049,0
3535,0
7788,0
2165,1
6920,0
1548,1
674,1
3039,1
2837,1
3023,1
358,1
1310,1
9691,1
5842,1
4622,0
8789,1
4120,0
5416,0
7006,0
10932,1
4212,0
8146,1
1633,1
5653,1
4220,0
8816,1
5703,0
7836,1
154,1
6015,1
10166,0
10883,1
9579,1
4454,1
2823,1
3101,1
10747,0
5463,0
8093,0
884,1
3885,0
2451,1
6042,0
6799,0
7100,0
5105,1
5771,0
8686,0
5206,1
6870,0
3492,1
9771,1
3781,0
4787,1
2599,1
3366,1
2305,1
109,1
5355,0
9023,1
942,1
1594,1
996,1
7995,0
9417,0
4740,0
6071,0
1601,1
1731,1
5356,1
442,1
6868,1
10987,1
5061,0
8215,0
8802,1
7760,0
8006,1
1351,1
3582,1
8278,1
2524,1
2951,1
4991,1
2299,1
5804,0
6110,1
6361,0
5207,0
3882,1
3548,1
10657,0
5841,1
3600,0
4780,1
7794,0
2838,1
1441,1
7683,1
9051,0
2783,1
531,1
4759,0
3514,1
5961,1
2555,1
7668,1
8345,0
4628,0
9164,0
5776,1
8887,0
6513,1
5461,1
1186,1
4435,1
9014,1
9630,1
459,1
2653,1
10210,1
5853,1
9158,1
8755,1
6138,1
261,1
10703,1
6890,0
4873,1
2337,1
9459,1
10072,0
9411,0
5736,0
1392,1
2795,1
5486,1
6370,0
9131,1
9819,0
6961,0
7324,0
9227,0
7597,0
5976,0
6649,0
2199,1
9519,0
10528,0
3208,0
3820,0
9971,0
2588,1
5459,0
8999,0
5208,0
9449,0
9997,1
5941,1
7453,1
2117,1
2095,1
370,1
7850,0
9911,1
5153,0
4068,1
2029,1
3929,0
856,1
9645,0
5220,0
6694,1
10092,0
5985,0
3284,1
7432,1
8312,0
8349,1
3307,0
2824,1
4259,0
8024,1
9468,0
2784,1
6549,1
1760,1
4030,0
701,1
8565,0
2807,1
5230,1
3676,0
1293,1
7507,0
5122,0
8123,0
5204,0
7005,0
9838,1
9608,0
9103,0
5766,1
3927,1
4636,0
8967,0
2241,1
5929,0
8551,0
314,1
7923,1
214,1
2181,1
9134,1
1223,1
8267,0
5396,0
7971,0
10676,1
7547,1
7731,1
2036,1
9592,0
4209,0
3466,1
3546,1
1036,1
10788,0
6032,0
2680,1
10683,1
6489,1
550,1
5704,1
4423,1
7707,1
2923,1
8041,0
3477,0
3212,0
2866,1
423,1
4203,1
9602,1
4237,0
4463,0
1133,1
6113,1
5340,0
9666,0
10674,1
9828,0
597,1
7276,1
9407,0
3969,0
1219,1
4036,1
7384,1
529,1
2733,1
5236,0
2882,1
8803,0
1930,1
3162,0
3990,0
9383,0
3928,1
1408,1
8221,0
1941,1
3316,1
2388,1
7612,0
7370,0
1996,1
7314,0
5558,0
3709,0
2189,1
5663,0
9840,1
5710,1
5571,0
5963,1
9338,1
1164,1
7894,1
119,1
3544,0
10649,0
1581,1
621,1
7791,1
414,1
3044,1
904,1
8285,0
9637,1
4356,0
10871,1
10537,1
7917,0
5245,0
2353,1
7773,0
7180,1
7418,1
6150,1
1720,1
3561,1
8038,1
10247,0
310,1
584,1
6387,0
9520,0
104,1
906,1
2144,1
8363,0
8793,0
505,1
7138,0
2405,1
9122,0
3373,0
10349,1
5104,0
2737,1
6324,0
3368,0
3048,1
9208,1
10318,0
5792,0
2747,1
9415,0
7568,1
5609,1
2384,1
8116,0
9928,0
2406,1
10795,0
6002,0
8428,0
1693,1
1171,1
7860,0
10003,1
1630,1
8531,0
10582,1
8469,1
10317,1
3899,0
3107,1
456,1
6737,1
2511,1
948,1
939,1
1870,1
10938,1
9207,0
6772,0
7135,0
9036,0
4373,0
10008,1
901,1
1963,1
2571,1
3598,1
9734,1
4681,1
158,1
10500,1
4521,1
5950,1
727,1
4092,1
1959,1
7558,1
1273,1
8591,1
704,1
10813,1
4089,1
6594,0
201,1
10928,0
7390,1
1574,1
6764,1
3668,1
2955,1
4258,0
8706,0
7045,0
6802,0
8486,1
1367,1
8423,0
7296,0
9188,0
9515,0
6290,0
2439,1
4176,1
5026,0
413,1
10946,1
6100,0
6437,0
2418,1
3872,1
5628,0
677,1
4728,1
6170,1
1622,1
5148,1
3092,1
3116,1
4191,1
10338,1
3126,1
8367,0
3051,1
2788,1
5311,1
4601,0
10867,1
6861,0
4143,0
2502,1
1839,1
9345,1
4541,0
9209,0
4012,0
4111,0
5398,0
3938,0
8008,1
8464,1
9679,1
4375,0
3197,0
3027,1
9942,1
3936,1
7167,0
6234,1
227,1
9808,1
5729,0
1517,1
7873,0
8863,0
7017,0
2604,1
4578,1
523,1
9531,1
284,1
5702,1
3778,1
6008,0
8951,0
10957,0
8420,1
2243,1
10685,0
3596,0
9028,0
4434,0
2957,1
3540,0
10728,0
8479,1
7417,1
7082,0
4410,1
10208,0
10791,1
8308,0
5662,0
7343,0
540,1
6295,0
6195,0
4669,1
5369,0
3814,0
8585,1
4569,1
8457,1
1406,1
9527,1
10945,1
5451,0
9785,0
9140,0
7946,1
6379,1
5860,1
1836,1
6584,0
3177,0
4200,0
7681,1
8725,1
5360,1
9949,0
10693,1
388,1
3032,1
3772,1
9599,0
9814,0
7729,1
7654,1
1598,1
2781,1
4514,1
1438,1
9046,0
6688,0
1429,1
6689,0
6470,1
10548,1
2850,1
8859,0
4655,0
6826,1
428,1
5597,1
660,1
898,1
6647,1
2103,1
5875,1
8096,1
10720,0
6938,1
1694,1
3763,1
1298,1
2314,1
6583,0
8014,1
4334,0
4084,1
7651,0
7233,0
8030,1
7494,0
9398,0
4411,0
5871,0
6484,1
5268,1
4611,1
7567,1
4745,0
298,1
5305,1
8098,0
8740,0
5848,0
9347,1
4033,0
9650,0
8214,0
6512,1
8979,1
8083,1
5170,1
4164,0
450,1
5906,0
649,1
5115,0
5828,1
5789,0
8141,1
6691,0
5531,1
1241,1
8767,0
6679,1
1541,1
6602,0
2302,1
255,1
6418,0
4060,0
9798,0
8986,0
2409,1
10393,1
548,1
10691,0
3319,0
10880,0
10998,0
8790,1
5063,0
8376,0
5897,0
5291,1
10250,1
6724,0
7482,0
3386,1
3490,1
10908,1
3645,1
5121,1
997,1
8677,1
9980,1
3439,1
5262,0
9029,0
2785,1
3677,1
8911,1
7720,0
9228,1
10213,0
5102,0
1264,1
1914,1
2027,1
8246,0
5052,1
10595,0
2654,1
5857,1
1348,1
2472,1
1332,1
4995,1
7515,0
9985,1
6044,0
3618,0
3877,1
1492,1
9425,1
10111,0
1114,1
8666,0
9902,1
6245,1
807,1
4922,1
8631,1
7622,0
4646,0
6994,0
6318,0
4689,0
10705,0
4406,1
6819,1
6510,0
7218,0
2068,1
5745,0
131,1
4470,0
1803,1
2035,1
10572,0
3666,1
4685,0
3896,0
1108,1
4401,0
10310,1
9887,0
7970,0
7616,1
9558,0
7468,0
2211,1
6877,1
8262,0
8179,1
10915,0
4103,0
1934,1
4059,0
9857,0
6644,0
10580,0
3980,0
9789,0
6357,0
4606,1
5090,1
5645,0
10007,1
10177,0
3168,1
7728,0
8791,0
5535,1
8842,1
9350,0
2895,1
5634,0
7835,0
10709,1
6084,0
3318,0
9344,1
8892,0
5620,0
6164,0
8932,0
6979,1
7965,0
9034,0
8642,0
8240,1
4987,0
1560,1
707,1
5541,0
647,1
8399,1
2316,1
1329,1
5977,0
2537,1
5699,1
7942,0
1964,1
4292,1
3944,0
2085,1
6433,1
7485,0
6568,0
4923,1
10523,1
8733,1
8660,1
7767,1
3837,1
1350,1
1339,1
6756,1
4369,1
252,1
3090,1
1364,1
9204,0
10458,1
6839,0
1973,1
2416,1
8463,1
10952,0
2595,1
724,1
6552,0
3810,1
3855,0
7646,0
1194,1
6199,1
9119,1
9986,1
4657,1
4932,0
4100,1
3282,0
9298,0
125,1
10802,0
6471,1
118,1
2062,1
9093,1
9914,1
5772,1
1687,1
47,1
3911,0
1456,1
5097,1
366,1
3074,1
10929,0
7401,1
2913,1
8869,0
10452,0
84,1
3030,1
367,1
843,1
4513,0
7271,0
8057,1
7578,0
10211,1
5534,0
1907,1
4531,0
10278,0
4376,1
9809,1
4562,1
6189,0
10201,0
1819,1
8296,1
3581,1
6850,1
4599,0
729,1
4988,0
5514,0
8947,0
4372,1
9418,1
7102,0
5949,0
9348,0
7947,1
6742,0
3730,0
4240,1
2700,1
3114,1
6119,1
6758,0
1038,1
2786,1
2738,1
7182,1
2141,1
2475,1
7759,1
10191,0
10839,1
2358,1
6546,1
10656,0
3225,1
3770,0
3436,0
10637,0
2028,1
8783,0
6636,0
10174,1
994,1
7433,1
1022,1
3156,1
10837,0
10588,0
1793,1
2880,1
2703,1
8254,0
2714,1
1346,1
10939,0
9706,0
1138,1
508,1
2591,1
7315,0
8558,0
1738,1
7857,0
26,1
8492,0
5987,0
9154,1
10827,0
3453,1
10335,0
3201,0
9060,0
9455,1
1727,1
8781,0
7972,0
5613,1
9786,0
1428,1
10784,0
7877,1
2660,1
9891,1
10828,1
9214,0
6326,0
8076,1
9901,0
6497,0
3210,0
237,1
10930,0
8365,1
2937,1
10460,1
10139,0
4744,0
9266,0
9490,0
379,1
683,1
1822,1
10907,1
7239,0
5010,1
9491,0
9916,0
5583,1
5646,0
938,1
963,1
5895,0
9846,0
357,1
9467,0
3800,1
8169,1
8991,0
3289,0
9791,0
6293,0
8494,0
8429,0
5559,1
2692,1
1417,1
4460,0
3098,1
10312,0
3723,1
4352,0
10660,1
7356,0
10203,1
1640,1
2624,1
10060,1
834,1
605,1
7402,1
8730,1
6762,0
5823,1
4314,1
3409,0
7272,0
6308,1
7136,1
4539,0
3964,0
974,1
2159,1
3331,1
8580,0
3955,0
6012,0
3079,1
9139,1
7550,1
6906,1
10016,0
2536,1
4105,0
10165,0
2137,1
5586,0
312,1
8648,1
3220,1
82,1
7673,0
10043,0
3240,1
8375,1
10207,0
3876,0
4137,1
1559,1
6139,0
1470,1
4190,1
3049,1
6171,0
1402,1
3853,1
3657,0
6604,0
3149,0
7678,0
7159,0
8011,0
2556,1
10374,0
9109,1
3835,0
4379,0
10142,0
5096,1
7959,0
3511,0
3089,1
10274,0
10988,0
8578,0
2855,1
10801,1
10675,1
9180,0
4130,0
10229,1
449,1
10968,0
7542,1
6300,1
277,1
9751,0
4076,0
7744,1
6566,1
9232,0
4044,1
8229,1
1336,1
9979,1
2346,1
3573,1
2289,1
8453,1
1093,1
2852,1
9040,1
9647,0
1835,1
5960,1
165,1
10121,0
720,1
3462,0
6090,1
412,1
1676,1
9486,1
4959,1
7517,1
10919,1
5722,1
7221,0
9264,0
9047,0
1250,1
5693,0
6197,0
10686,0
9332,0
7500,0
6248,0
5130,0
3042,1
9817,0
6043,1
4665,0
3435,0
9849,0
320,1
3132,1
9888,0
7481,0
2816,1
3472,0
7784,0
1590,1
10324,1
2647,1
2762,1
5362,1
112,1
6587,1
4805,1
77,1
321,1
2574,1
8847,1
6204,1
3779,1
7164,0
10442,1
2582,1
7519,1
4993,0
7870,1
9115,0
6412,1
10187,0
3274,1
10667,1
4346,0
8942,0
2226,1
2214,1
5184,1
8754,1
7037,0
9166,0
4666,0
8147,1
2344,1
9749,0
5118,1
10253,0
6434,0
7118,0
4598,0
6060,1
10116,1
9787,0
2613,1
4990,0
2711,1
799,1
3912,1
1132,1
1987,1
9913,1
10195,1
5276,0
9745,0
6785,0
9736,0
10614,1
7198,1
4529,1
10886,0
6382,0
7237,0
4307,1
9065,1
9351,1
3470,0
8456,1
1020,1
2811,1
8936,0
3346,0
8973,0
9061,1
9575,1
3086,1
4994,1
9827,1
8736,1
1757,1
6346,0
1079,1
3241,1
2236,1
4185,1
10000,0
6420,0
8180,0
9539,0
4019,1
1751,1
2205,1
4800,1
943,1
9062,0
4318,0
2315,1
6610,1
10575,1
5509,0
5526,0
9220,1
5761,1
10790,0
8694,1
2584,1
3211,0
10290,0
8039,0
1610,1
6900,0
4940,1
6303,0
10261,1
10816,0
10979,1
3305,0
2930,1
1352,1
291,1
1691,1
7890,1
8970,0
3382,1
5078,1
3344,0
9906,0
1883,1
6678,1
2675,1
2696,1
3370,0
9858,1
5214,0
4151,0
9676,1
10742,0
3727,0
5197,0
6783,1
7346,1
3935,0
8182,1
5076,0
4739,0
140,1
4595,0
798,1
2045,1
1099,1
246,1
290,1
9707,1
10509,1
6469,0
1003,1
5286,0
7763,1
2721,1
5937,0
5107,1
2304,1
10627,0
9327,0
5762,1
356,1
1511,1
1238,1
2232,1
10242,0
1421,1
2426,1
5759,0
3361,0
2960,1
3363,0
3720,0
9099,1
6011,1
5274,1
8884,0
10192,0
8878,0
4737,1
3207,0
7905,0
4522,1
4330,1
6660,0
31,1
6408,1
3352,1
6948,0
6258,0
5135,0
7980,0
1042,1
4637,1
1094,1
10070,1
9684,0
1781,1
2049,1
1906,1
6838,0
57,1
4536,1
5313,0
3543,1
8437,0
9026,1
7799,1
10389,0
415,1
6329,1
2542,1
6560,0
4679,0
3550,1
8722,0
8359,0
8582,1
10063,0
6947,0
2340,1
4544,0
5234,1
4087,0
10603,1
1749,1
5685,0
953,1
7450,1
10454,1
4319,0
3888,0
10926,0
2231,1
7087,1
8510,0
1252,1
1102,1
6466,1
8592,0
4835,0
3164,1
1990,1
5865,1
1032,1
10230,1
892,1
8519,0
5260,1
7532,1
3879,0
240,1
6476,0
3527,0
3642,0
9586,0
10976,0
5143,1
8577,0
2218,1
3893,1
98,1
2440,1
3112,1
3006,1
5179,0
10478,0
10095,0
4574,0
10610,1
6474,0
4127,0
8288,1
1748,1
9342,0
409,1
10550,0
2884,1
9682,1
926,1
10288,0
10246,1
4937,0
6121,0
2196,1
4189,0
831,1
2254,1
1263,1
9287,0
6085,1
4954,0
2910,1
3378,0
10604,1
1326,1
10951,0
7493,0
4934,1
2825,1
3047,1
4418,1
10524,1
5089,0
7423,1
1465,1
7173,1
1382,1
10682,0
1608,1
1902,1
336,1
6187,1
6347,0
8323,1
6468,0
6147,1
4113,1
1623,1
4795,0
2468,1
6641,1
6669,0
3176,1
7440,0
3367,0
671,1
753,1
9038,0
2121,1
4397,0
5250,0
3865,0
5225,1
9756,1
762,1
9761,0
6656,0
7098,0
8045,1
432,1
92,1
10252,1
7362,0
6836,0
6824,0
1657,1
9097,0
498,1
1981,1
6020,0
631,1
10071,0
4347,0
9542,0
5791,1
5415,1
8063,0
2710,1
7803,0
10271,1
1064,1
6499,0
5733,1
5159,0
9659,1
4081,0
5379,1
6307,1
6933,1
7327,0
9346,1
7330,0
2256,1
3419,1
650,1
10775,0
4054,1
888,1
1188,1
126,1
4911,0
7845,1
3848,0
2646,1
5981,0
8440,1
7579,0
849,1
2371,1
9360,1
8104,0
10197,0
323,1
6462,0
7944,0
4821,1
1163,1
9201,0
8139,0
7157,0
3217,1
837,1
999,1
5499,0
10612,1
4037,0
5210,0
4532,0
8800,1
5919,0
5840,0
386,1
6541,0
992,1
7502,1
10441,0
5346,0
390,1
9559,1
5387,1
9934,1
8398,1
9752,1
10021,1
1117,1
9132,0
7604,0
4966,0
6162,1
6440,0
9724,0
1644,1
6931,1
5484,0
10673,1
143,1
3397,0
3050,1
6250,0
2622,1
567,1
7003,0
10949,0
10329,1
6977,0
10557,0
1888,1
2578,1
433,1
931,1
6261,1
6572,1
10692,0
2031,1
7435,1
8629,1
10416,1
9964,0
9002,0
5024,0
4591,1
10160,0
1923,1
2661,1
7694,0
620,1
7141,0
4051,1
2827,1
549,1
4295,1
2787,1
7464,0
5219,0
562,1
5058,0
3295,1
1765,1
9622,1
4046,0
9144,0
10450,0
3795,0
2679,1
9834,0
471,1
10593,0
7120,0
823,1
6619,0
7697,1
1617,1
7585,1
4404,1
3939,0
661,1
4032,0
150,1
6542,1
1137,1
6305,1
10172,0
7679,0
6904,0
6613,1
8054,0
3013,1
10332,1
967,1
1067,1
1344,1
9495,0
8085,0
6304,0
56,1
3245,1
5299,0
5909,0
4157,0
5844,0
4597,0
2182,1
9179,1
4409,0
10178,1
2906,1
9966,0
9162,0
5085,0
10366,0
10552,0
5825,0
7053,0
5091,1
3499,1
5612,0
4014,0
2467,1
9019,0
8410,1
6543,0
3894,0
3745,0
9820,1
10483,0
63,1
1050,1
1285,1
5280,1
9978,0
8638,1
8779,1
1890,1
3464,1
5083,0
6743,0
308,1
4186,0
6342,0
1933,1
151,1
4118,0
70,1
230,1
1222,1
8804,0
7226,0
10409,1
9635,0
4141,1
8390,0
4099,0
8777,0
2978,1
5460,0
4351,0
9571,1
8448,1
9620,0
8965,0
8848,0
6273,0
9983,1
4784,1
4589,1
900,1
5659,0
5629,0
7531,0
8337,0
3396,0
3136,0
7727,1
1733,1
5029,1
8652,0
9055,1
10006,0
1301,1
1410,1
4723,0
2399,1
3355,1
1424,1
4083,0
1515,1
6603,1
6751,1
8327,1
6454,1
7317,1
6056,0
7077,1
1173,1
5203,0
4980,0
4538,0
231,1
4321,1
3314,0
4976,1
9086,0
2240,1
7659,1
4226,0
6339,1
8001,1
10757,0
3111,1
10814,0
2245,1
3486,1
4441,1
3106,1
9368,1
8346,1
5608,1
113,1
539,1
10931,1
4175,0
3437,1
2908,1
5287,1
3265,1
2570,1
751,1
3531,1
9464,1
4166,0
2172,1
2271,1
9732,1
640,1
4276,0
2197,1
9454,0
7645,0
268,1
10133,0
6984,1
3639,0
10280,0
8419,0
2665,1
1666,1
122,1
2425,1
1011,1
1031,1
8630,1
9549,0
2212,1
6354,0
1975,1
503,1
4543,1
3297,1
10238,1
4941,1
120,1
7520,0
7655,1
3088,1
4587,1
1697,1
4969,0
8009,0
7350,0
3010,1
3854,1
6825,1
5718,1
1800,1
1940,1
638,1
1798,1
9498,0
8068,1
10940,0
3108,1
4523,1
8244,0
2008,1
8441,0
9424,1
5631,1
5845,1
9658,0
5228,0
4910,0
10024,1
850,1
4792,0
10114,0
10984,1
8187,1
10602,0
10305,1
7772,0
3447,0
5227,0
3467,0
873,1
4550,1
4796,1
2959,1
10849,1
8276,0
1925,1
9114,1
10825,1
8044,0
1414,1
4818,1
8197,0
9770,0
8963,0
7051,1
9936,0
263,1
10287,0
2515,1
7266,1
6141,0
2048,1
6735,1
9943,0
2799,1
8883,1
3961,1
6528,0
9673,0
6798,0
5129,1
2225,1
10941,1
1190,1
569,1
6922,1
5211,0
2118,1
8243,1
7009,1
6752,1
588,1
8198,0
2012,1
2717,1
7318,0
1236,1
3239,1
589,1
8627,0
8377,0
1653,1
526,1
6858,1
10787,0
8535,1
10750,0
815,1
6714,1
6809,0
1855,1
7516,0
4430,0
3059,1
7134,1
9447,1
10935,0
1881,1
6158,0
4402,0
2282,1
7294,0
2975,1
7002,1
2171,1
5782,0
6224,1
8980,0
1567,1
8903,0
9665,1
7785,0
3797,1
10700,0
2050,1
8830,1
1740,1
5496,0
2163,1
9601,1
5879,0
9057,0
9221,1
5905,0
2032,1
985,1
3957,0
3227,0
5633,0
4064,1
8974,1
5537,1
7358,0
5205,1
4453,1
377,1
6166,1
3429,0
8372,0
779,1
5542,0
6475,1
3647,0
2114,1
10780,0
8945,0
7361,0
2000,1
6723,0
10826,0
9797,0
4924,0
1174,1
8695,0
4974,0
1896,1
1461,1
7974,0
3949,0
5081,0
8655,1
10654,1
2782,1
6457,0
9457,1
7693,0
5785,1
8482,0
1898,1
5933,0
7748,0
4845,0
4848,0
7964,0
8270,1
5912,0
10551,1
10942,1
4303,1
5755,1
7977,1
4605,0
2527,1
8386,1
10392,1
10806,1
2853,1
431,1
10113,0
10943,1
10127,1
7658,1
6461,0
3005,1
5330,0
4812,1
5582,0
3841,0
8975,0
4798,1
9363,1
6538,1
3441,0
10518,0
7389,1
682,1
1140,1
1370,1
2554,1
4254,1
7842,1
445,1
3652,0
1353,1
7431,0
7526,0
9701,0
7808,0
9073,1
5462,1
5295,0
6726,1
510,1
7581,0
8447,1
4394,1
6155,0
8222,0
6590,1
10714,0
7125,0
7600,1
2893,1
10877,0
10125,1
6592,0
4331,1
2998,1
2183,1
4074,1
7546,1
2871,1
1573,1
4872,0
951,1
2559,1
429,1
9238,1
961,1
5617,0
5851,0
6722,0
5920,0
723,1
9991,0
4824,0
349,1
2971,1
652,1
7687,0
919,1
5554,1
8572,0
10341,1
4462,1
179,1
5927,0
6072,0
4968,0
9884,0
7690,0
10086,0
8728,0
7333,0
4776,0
2187,1
10395,1
3748,1
10205,0
9087,0
7777,1
1876,1
10050,0
626,1
8606,1
8088,0
1292,1
4029,0
5428,0
7692,0
5279,1
9146,0
9316,0
1956,1
10448,0
10098,0
5967,0
9100,1
5374,1
3264,0
6703,1
8609,1
4659,1
6105,0
8449,1
10556,0
6066,1
4825,1
3686,0
4282,0
10047,0
8445,1
83,1
9960,0
7611,0
7363,0
6963,0
6747,1
8992,1
7891,0
206,1
1085,1
8239,0
5146,0
2495,1
9151,1
2745,1
9094,0
2309,1
2096,1
2255,1
10245,1
338,1
5672,0
3880,0
4301,0
8079,0
10334,0
8927,0
8569,1
7950,0
9648,0
628,1
9867,1
10652,0
7966,1
8929,1
9293,0
7573,1
5684,0
2493,1
2865,1
1997,1
2442,1
10581,0
4999,0
6452,1
6352,0
2875,1
2687,1
2498,1
20,1
7295,1
6591,1
1525,1
1650,1
10752,0
1868,1
502,1
9544,0
519,1
6399,1
9005,0
4204,1
7302,0
3597,1
7466,1
10841,1
5958,0
5975,0
1086,1
8613,0
980,1
3192,0
8344,1
7259,1
6108,0
6491,1
7131,1
3702,0
5491,0
5916,0
4201,1
1026,1
9843,0
5426,0
785,1
4699,0
8160,0
2136,1
6328,1
9869,1
8473,1
1083,1
4602,1
7039,0
3918,1
3471,1
10832,0
3817,0
7097,1
4540,0
6926,1
10190,1
1506,1
10396,1
107,1
2387,1
667,1
8164,1
625,1
9410,1
2735,1
6148,0
8370,0
5015,1
10301,1
8870,0
239,1
5068,0
10807,0
6017,0
7457,1
8289,0
2569,1
6301,0
9545,0
7652,0
1929,1
716,1
5032,0
5520,0
4746,0
6244,0
9173,0
247,1
852,1
2505,1
7591,0
3272,1
3480,0
10817,1
3330,0
1768,1
1927,1
1035,1
1180,1
9837,0
6024,1
2001,1
10157,1
9612,1
8820,0
744,1
7667,0
2076,1
9480,0
5692,0
10378,1
3275,1
4786,0
4577,0
4545,0
10980,1
4520,0
4196,0
8293,0
1593,1
3155,1
10629,0
8110,0
8176,1
2648,1
170,1
2080,1
8603,0
806,1
7444,1
9780,1
6585,0
1901,1
10352,0
5293,1
4750,1
9416,1
5132,0
10410,0
8637,0
4992,0
1142,1
235,1
6483,0
7113,0
8882,1
7063,1
3592,1
1341,1
381,1
2471,1
1953,1
8716,1
8433,0
6927,0
2191,1
5516,1
4726,1
1756,1
9774,1
8626,1
3187,0
6693,1
9746,0
2797,1
7660,0
10512,1
1894,1
5687,0
3348,0
6045,0
8275,0
10770,1
6967,0
3152,0
5880,0
8360,1
191,1
6061,0
5621,1
2253,1
9968,0
6529,1
4860,0
5675,0
7075,1
5838,1
3734,1
7301,1
7231,1
7437,0
1900,1
1330,1
7257,0
8115,1
10123,0
793,1
6909,0
1106,1
5382,1
10506,0
6057,0
8770,1
9110,0
7915,0
10137,1
9329,0
9147,0
6363,0
8540,1
6623,1
10097,1
8249,1
2669,1
3286,0
10105,0
289,1
1338,1
747,1
7583,0
10272,0
8953,0
10774,0
6879,1
4892,0
3798,1
9629,0
5551,1
4741,0
2601,1
330,1
3231,0
2892,1
5854,0
2748,1
3315,1
5988,1
1699,1
8718,1
1148,1
8977,0
1877,1
10543,0
5928,0
545,1
10642,1
7093,1
10326,0
10357,1
1433,1
8997,1
5275,1
4395,1
6997,0
8831,1
5578,1
3066,1
7448,0
3945,0
6558,0
5948,0
5494,0
2981,1
7620,0
4710,1
9272,0
9247,1
8969,0
9972,1
6633,1
9012,0
9224,1
6235,1
4149,1
1480,1
1129,1
5555,0
3513,1
3517,1
9202,0
3794,0
3529,0
3336,0
940,1
4273,0
814,1
8261,1
1053,1
10803,0
4946,1
4696,1
6373,1
496,1
10566,0
10461,0
9159,1
3643,1
3698,0
4398,1
331,1
6885,0
10609,0
3496,1
1123,1
9703,0
3065,1
7484,0
2310,1
4194,0
2948,1
3906,0
3788,0
2269,1
4585,0
2821,1
2106,1
3093,1
7637,0
8752,0
2840,1
5784,1
251,1
6184,0
4211,0
4735,1
15,1
8778,0
4069,0
9297,0
2611,1
6671,1
1583,1
7781,1
9370,0
8333,1
702,1
3247,0
6790,0
8256,1
8371,1
1477,1
4715,0
6980,0
1510,1
1048,1
7255,0
3328,0
8751,0
7555,1
7062,1
6863,0
5326,1
2415,1
2260,1
4385,1
4640,0
3408,0
10106,0
4570,0
10476,1
757,1
2933,1
339,1
2770,1
3767,1
4613,0
8594,0
4829,0
1620,1
1674,1
8335,1
7335,0
559,1
489,1
7662,1
9879,1
3846,0
8251,0
8059,0
878,1
8184,1
4107,1
2586,1
6557,1
3916,1
2122,1
9764,0
6728,0
1110,1
3260,1
8025,1
9607,0
1146,1
4384,0
1437,1
7786,1
1318,1
5365,0
604,1
8681,0
764,1
7099,0
1425,1
9473,0
4843,1
7837,0
6192,0
6851,0
5991,1
1306,1
3986,0
6617,0
472,1
10854,0
1415,1
9133,0
5726,0
5418,0
6791,0
4349,0
6294,0
1394,1
3908,0
7665,1
763,1
8957,1
10891,0
6874,0
8785,0
7000,1
10677,0
2153,1
1913,1
2800,1
2822,1
3135,0
24,1
8933,0
6026,1
7843,1
163,1
8826,1
8556,0
8546,0
5425,1
2447,1
2209,1
1488,1
4439,1
8389,0
5271,1
1775,1
4332,0
5141,0
3569,0
922,1
4073,0
95,1
2233,1
4668,0
6674,1
7733,0
7639,0
1356,1
4705,1
10579,0
30,1
5373,1
10545,0
2791,1
257,1
7366,1
7313,0
7241,1
7068,0
2169,1
2947,1
1852,1
6780,0
6897,1
4047,1
7080,0
8632,0
6122,1
5123,1
4316,1
9165,0
6093,0
9191,1
9442,0
327,1
2744,1
7297,0
8581,0
9291,1
226,1
6054,1
5750,0
4207,0
1867,1
9886,1
9301,1
203,1
7041,0
613,1
9782,1
9497,1
3134,1
6089,1
1475,1
4473,1
10535,1
2539,1
3701,1
1004,1
5843,1
9699,0
4557,1
9743,1
4457,0
6730,0
1045,1
9526,1
7425,0
8209,0
6336,1
2198,1
372,1
8735,1
3687,1
7818,1
1513,1
1915,1
10741,0
474,1
6999,1
10605,1
4050,1
1619,1
6940,1
9803,0
10360,0
4610,1
5527,0
591,1
6925,0
6637,1
1744,1
10947,0
299,1
4708,0
7365,0
2298,1
2402,1
483,1
9619,1
5003,1
7427,1
6449,1
7146,0
238,1
8394,1
6966,1
10508,1
5989,1
10156,1
10394,1
1667,1
2790,1
4982,0
10354,0
7897,0
5071,0
7967,0
7258,1
2258,1
5411,1
10974,0
869,1
9566,1
935,1
10539,0
3223,0
4573,0
9738,0
5996,1
1118,1
2720,1
9717,1
2307,1
10112,1
9909,0
2936,1
630,1
1060,1
10889,0
1025,1
3022,1
6814,0
5304,0
1024,1
3113,1
144,1
7708,1
6473,0
9226,1
6563,0
5240,1
1817,1
3309,0
7357,1
5611,1
7248,0
6913,1
2753,1
408,1
1372,1
1966,1
5158,0
6750,1
9731,0
2545,1
8299,0
1309,1
1993,1
3153,0
10365,0
8662,1
741,1
4853,1
4342,1
1229,1
8241,0
6351,0
577,1
10753,0
67,1
2558,1
7901,1
2390,1
4895,0
758,1
5281,0
10241,0
2355,1
9729,0
1251,1
7824,0
9723,0
8032,1
644,1
7698,1
3755,0
4101,0
2983,1
3375,1
7374,0
7321,0
619,1
2686,1
1305,1
8984,1
2663,1
7602,0
8,1
10273,1
121,1
3394,1
8702,1
3279,0
4505,1
1136,1
9946,1
2810,1
1440,1
2969,1
9958,1
7116,1
3870,1
5406,1
4484,0
7798,0
5445,1
9349,1
7021,1
464,1
3974,0
6415,1
5970,0
2288,1
8972,0
9121,0
10488,1
10608,0
7459,1
8186,1
1797,1
7477,1
2530,1
1772,1
952,1
9957,0
8678,1
8873,0
9400,1
7884,1
6804,0
10836,1
5094,0
3310,0
2352,1
9981,0
8425,0
829,1
5548,0
8639,0
1646,1
840,1
6844,1
9336,0
48,1
8964,1
5944,0
5327,0
